/*
 Navicat Premium Data Transfer

 Source Server         : cihog
 Source Server Type    : MySQL
 Source Server Version : 80013
 Source Host           : localhost:3306
 Source Schema         : guns

 Target Server Type    : MySQL
 Target Server Version : 80013
 File Encoding         : 65001

 Date: 28/07/2019 17:05:51
*/

SET NAMES utf8mb4;
SET FOREIGN_KEY_CHECKS = 0;

-- ----------------------------
-- Table structure for estate_building
-- ----------------------------
DROP TABLE IF EXISTS `estate_building`;
CREATE TABLE `estate_building`  (
  `building_id` bigint(20) NOT NULL COMMENT '主键id',
  `city_id` varchar(255) CHARACTER SET utf8 COLLATE utf8_general_ci DEFAULT NULL COMMENT '城区',
  `pinyin_initials` varchar(255) CHARACTER SET utf8 COLLATE utf8_general_ci DEFAULT NULL COMMENT '拼音缩写',
  `property_use` varchar(255) CHARACTER SET utf8 COLLATE utf8_general_ci DEFAULT NULL COMMENT '物业用途',
  `property_type` varchar(255) CHARACTER SET utf8 COLLATE utf8_general_ci DEFAULT NULL COMMENT '物业类型',
  `building_time` int(10) DEFAULT NULL COMMENT '建房年代',
  `profile_address` varchar(255) CHARACTER SET utf8 COLLATE utf8_general_ci DEFAULT NULL COMMENT '概要地址',
  `detailed_address` varchar(255) CHARACTER SET utf8 COLLATE utf8_general_ci DEFAULT NULL COMMENT '详细地址',
  `sale_average_price` double(32, 1) DEFAULT NULL COMMENT '售均价',
  `manage_fee` double(32, 0) DEFAULT NULL COMMENT '管理费',
  `note` varchar(255) CHARACTER SET utf8 COLLATE utf8_general_ci DEFAULT NULL COMMENT '备注',
  `create_time` datetime(0) DEFAULT NULL COMMENT '创建时间',
  `update_time` datetime(0) DEFAULT NULL COMMENT '修改时间',
  PRIMARY KEY (`building_id`) USING BTREE
) ENGINE = InnoDB CHARACTER SET = utf8 COLLATE = utf8_general_ci ROW_FORMAT = Dynamic;

-- ----------------------------
-- Records of estate_building
-- ----------------------------
INSERT INTO `estate_building` VALUES (1152500640581279746, '合景天骏', 'hjtj', '住宅小区', '多层', 2019, '广东省-广州-黄埔区', '九龙镇九龙大道中新知识城南起步区', 100.0, 25, '无', '2019-07-21 00:00:00', '2019-07-21 22:18:46');
INSERT INTO `estate_building` VALUES (1152785073137876993, '绿地城', 'ldc', '住宅小区', '多层', 2019, '广东省-广州-黄埔区', '九龙镇九龙大道西南', 100.0, 12, '无', '2019-07-21 00:00:00', '2019-07-31 00:00:00');
INSERT INTO `estate_building` VALUES (1152785383747059713, '万科', 'wk', '住宅小区', '多层', 2019, '广东省-广州-黄埔区', '凤湖四路', 100.0, 11, '无', '2019-07-21 00:00:00', '2019-07-21 00:00:00');
INSERT INTO `estate_building` VALUES (1152785951567740929, '时代天韵', 'sdty', '住宅小区', '多层', 2019, '广东省-广州-黄埔区', '时代天韵', 100.0, 25, '无', '2019-07-21 00:00:00', '2019-07-31 00:00:00');

-- ----------------------------
-- Table structure for estate_building_block
-- ----------------------------
DROP TABLE IF EXISTS `estate_building_block`;
CREATE TABLE `estate_building_block`  (
  `building_block_id` bigint(20) NOT NULL COMMENT '主键id',
  `building_id` bigint(20) DEFAULT NULL COMMENT '楼盘id',
  `name` varchar(255) CHARACTER SET utf8 COLLATE utf8_general_ci DEFAULT NULL COMMENT '名称',
  `layer_total` double(10, 0) DEFAULT NULL COMMENT '总层数',
  `area_total` double(10, 0) DEFAULT NULL COMMENT '总面积',
  `elevator_total` double(10, 0) DEFAULT NULL COMMENT '总电梯数',
  PRIMARY KEY (`building_block_id`) USING BTREE
) ENGINE = InnoDB CHARACTER SET = utf8 COLLATE = utf8_general_ci COMMENT = '楼盘' ROW_FORMAT = Dynamic;

-- ----------------------------
-- Records of estate_building_block
-- ----------------------------
INSERT INTO `estate_building_block` VALUES (1152769933717860353, 1152500640581279746, 'A1', 34, 114, 3);
INSERT INTO `estate_building_block` VALUES (1152770396638998530, 1152500640581279746, 'A2', 34, 114, 3);
INSERT INTO `estate_building_block` VALUES (1152770439441870849, 1152500640581279746, 'A3', 34, 114, 3);
INSERT INTO `estate_building_block` VALUES (1152770506869501954, 1152500640581279746, 'A4', 34, 114, 3);
INSERT INTO `estate_building_block` VALUES (1152770552654524417, 1152500640581279746, 'A5', 34, 114, 3);

-- ----------------------------
-- Table structure for estate_city
-- ----------------------------
DROP TABLE IF EXISTS `estate_city`;
CREATE TABLE `estate_city`  (
  `city_id` bigint(20) NOT NULL COMMENT '主键id',
  `pid` bigint(20) DEFAULT NULL COMMENT '父城区id',
  `name` varchar(255) CHARACTER SET utf8 COLLATE utf8_general_ci DEFAULT NULL COMMENT ' 名称',
  `create_time` datetime(0) DEFAULT NULL COMMENT '创建时间',
  `update_time` datetime(0) DEFAULT NULL COMMENT '修改时间',
  PRIMARY KEY (`city_id`) USING BTREE
) ENGINE = InnoDB CHARACTER SET = utf8 COLLATE = utf8_general_ci COMMENT = '城市' ROW_FORMAT = Dynamic;

-- ----------------------------
-- Records of estate_city
-- ----------------------------
INSERT INTO `estate_city` VALUES (1, 1, '1', '2019-07-09 22:20:45', '2019-07-12 22:20:48');
INSERT INTO `estate_city` VALUES (2, 1, '1', NULL, NULL);
INSERT INTO `estate_city` VALUES (3, 1, '1', NULL, NULL);
INSERT INTO `estate_city` VALUES (4, 1, '1', NULL, NULL);
INSERT INTO `estate_city` VALUES (5, 1, '1', NULL, NULL);
INSERT INTO `estate_city` VALUES (6, 1, '1', NULL, NULL);
INSERT INTO `estate_city` VALUES (7, 1, '1', NULL, NULL);
INSERT INTO `estate_city` VALUES (8, 1, '1', NULL, NULL);
INSERT INTO `estate_city` VALUES (1153913640210952193, 2, '23', '2019-07-11 13:49:37', '2019-07-11 13:49:39');

-- ----------------------------
-- Table structure for estate_house_resource
-- ----------------------------
DROP TABLE IF EXISTS `estate_house_resource`;
CREATE TABLE `estate_house_resource`  (
  `house_resource_id` bigint(20) NOT NULL COMMENT '主键id',
  `building_id` bigint(20) DEFAULT NULL COMMENT '城区id',
  `building_block_id` bigint(20) DEFAULT NULL COMMENT '栋座id',
  `room_number` int(10) DEFAULT NULL COMMENT '房号',
  `floor` int(10) DEFAULT NULL COMMENT '楼层',
  `room_total` int(10) DEFAULT NULL COMMENT '房',
  `hall_total` int(10) DEFAULT NULL COMMENT '厅',
  `toilet_total` int(10) DEFAULT NULL COMMENT '卫',
  `balcony_total` varchar(255) CHARACTER SET utf8 COLLATE utf8_general_ci DEFAULT NULL COMMENT '阳台',
  `purpose` varchar(255) CHARACTER SET utf8 COLLATE utf8_general_ci DEFAULT NULL COMMENT '用途',
  `house_resource_type` varchar(255) CHARACTER SET utf8 COLLATE utf8_general_ci DEFAULT NULL COMMENT '房源类型',
  `area` double(255, 0) DEFAULT NULL COMMENT '面积',
  `practical_area` double(255, 0) DEFAULT NULL COMMENT '实用面积',
  `orientation` varchar(255) CHARACTER SET utf8 COLLATE utf8_general_ci DEFAULT NULL COMMENT '朝向',
  `house_type` varchar(255) CHARACTER SET utf8 COLLATE utf8_general_ci DEFAULT NULL COMMENT '房屋类型',
  `building_time` int(10) DEFAULT NULL COMMENT '建房年代',
  `transaction` varchar(255) CHARACTER SET utf8 COLLATE utf8_general_ci DEFAULT NULL COMMENT '交易',
  `state` varchar(255) CHARACTER SET utf8 COLLATE utf8_general_ci DEFAULT NULL COMMENT '状态',
  `price` double(255, 0) DEFAULT NULL COMMENT '售价',
  `rental` double(255, 0) DEFAULT NULL COMMENT '租价',
  `price_floor` double(255, 0) DEFAULT NULL COMMENT '出售底价',
  `rental_floor` double(255, 0) DEFAULT NULL COMMENT '租价底价',
  `taxes` varchar(255) CHARACTER SET utf8 COLLATE utf8_general_ci DEFAULT NULL COMMENT '包税费',
  `resource` varchar(255) CHARACTER SET utf8 COLLATE utf8_general_ci DEFAULT NULL COMMENT '来源',
  `status_quo` varchar(255) CHARACTER SET utf8 COLLATE utf8_general_ci DEFAULT NULL COMMENT '现状',
  `decorate` varchar(255) CHARACTER SET utf8 COLLATE utf8_general_ci DEFAULT NULL COMMENT '装修情况',
  `match_state` varchar(255) CHARACTER SET utf8 COLLATE utf8_general_ci DEFAULT NULL COMMENT '配套情况',
  `furniture_state` varchar(255) CHARACTER SET utf8 COLLATE utf8_general_ci DEFAULT NULL COMMENT '家具情况',
  `household_electrical_state` varchar(255) CHARACTER SET utf8 COLLATE utf8_general_ci DEFAULT NULL COMMENT '家电情况',
  `property_right` varchar(255) CHARACTER SET utf8 COLLATE utf8_general_ci DEFAULT NULL COMMENT '产权',
  `certificates` varchar(255) CHARACTER SET utf8 COLLATE utf8_general_ci DEFAULT NULL COMMENT '证件',
  `payment` varchar(255) CHARACTER SET utf8 COLLATE utf8_general_ci DEFAULT NULL COMMENT '付款',
  `pay_commission` varchar(255) CHARACTER SET utf8 COLLATE utf8_general_ci DEFAULT NULL COMMENT '付佣',
  `house_inspection` varchar(255) CHARACTER SET utf8 COLLATE utf8_general_ci DEFAULT NULL COMMENT '看房',
  `key_number` int(11) DEFAULT NULL COMMENT '钥匙号',
  `entrust` varchar(255) CHARACTER SET utf8 COLLATE utf8_general_ci DEFAULT NULL COMMENT '委托方式',
  `staff_id` bigint(20) DEFAULT NULL COMMENT '员工id',
  `staff` varchar(255) CHARACTER SET utf8 COLLATE utf8_general_ci DEFAULT NULL COMMENT '员工',
  `owner_name` varchar(255) CHARACTER SET utf8 COLLATE utf8_general_ci DEFAULT NULL COMMENT '业主姓名',
  `owner_phone` varchar(255) CHARACTER SET utf8 COLLATE utf8_general_ci DEFAULT NULL COMMENT '业主手机号',
  `contacts_content` varchar(255) CHARACTER SET utf8 COLLATE utf8_general_ci DEFAULT NULL COMMENT '联系人内容',
  `manage_expense` varchar(255) CHARACTER SET utf8 COLLATE utf8_general_ci DEFAULT NULL COMMENT '管理费',
  `remark` varchar(255) CHARACTER SET utf8 COLLATE utf8_general_ci DEFAULT NULL COMMENT '备注',
  `nationality` varchar(255) CHARACTER SET utf8 COLLATE utf8_general_ci DEFAULT NULL COMMENT '国籍',
  `belong_to_id` int(11) DEFAULT NULL COMMENT '属主用户id',
  `create_time` datetime(0) DEFAULT NULL COMMENT '创建时间',
  `update_time` datetime(0) DEFAULT NULL COMMENT '修改时间',
  PRIMARY KEY (`house_resource_id`) USING BTREE
) ENGINE = InnoDB CHARACTER SET = utf8 COLLATE = utf8_general_ci COMMENT = '房源信息' ROW_FORMAT = Dynamic;

-- ----------------------------
-- Records of estate_house_resource
-- ----------------------------
INSERT INTO `estate_house_resource` VALUES (1153277826905006082, 1152500640581279746, 1152770506869501954, 510, 5, 2, 1, 3, '1', '住宅小区', '加密房', 100, 80, '东', '多层', 2019, '租售', '已租', 100, 1800, 90, 1400, '各付', '来电', '空房', '毛坯', '地板', '配套', '配套', '商品房', '房地产证', '一次付清', '商议', '预约', 1, '各付', 1, 'stylefeng', '林海宏', '18925623775', '嘻嘻嘻', '200', 'test ONwe a b c d ', '中国', NULL, '2019-07-27 00:00:00', '2019-07-27 18:54:35');
INSERT INTO `estate_house_resource` VALUES (1153289805518417921, 1152500640581279746, 1152769933717860353, 503, 5, 2, 1, 1, '1', '住宅小区', '加密房', 100, 1, '东', '多层', 2019, '出租', '有效', 1, 1500, 1, 1400, '各付', '来电', '空房', '毛坯', '地板', '配套', '配套', '商品房', '房地产证', '一次付清', '商议', '直接', 1, '各付', 1, 'stylefeng', '林海宏', '18925623775', '11', '1', '1', '中国', NULL, '2019-07-27 00:00:00', '2019-07-27 20:02:53');
INSERT INTO `estate_house_resource` VALUES (1153911962493546498, 1152500640581279746, 1152769933717860353, 201, 2, 2, 1, 1, '1', '住宅小区', '加密房', 100, 80, '东', '多层', 2019, '出租', '有效', NULL, 1800, NULL, 1500, '各付', '来电', '空房', '毛坯', '地板', '配套', '配套', '商品房', '房地产证', '一次付清', '商议', '有匙', 201, '各付', 1, 'stylefeng', '林海宏', '18925623775', '無', '300', '無  a', '中国', NULL, '2019-07-27 00:00:00', '2019-07-27 20:01:21');
INSERT INTO `estate_house_resource` VALUES (1153913419334709250, 1152500640581279746, 1152769933717860353, 202, 2, 2, 1, 1, '1', '住宅小区', '加密房', 100, 80, '东', '多层', 2019, '出租', '已售', NULL, 1500, NULL, 1200, '各付', '来电', '空房', '毛坯', '地板', '配套', '配套', '商品房', '房地产证', '一次付清', '商议', '有匙', 501, '各付', 1, 'stylefeng', '林海宏', '18925623775', '無', '100', '無', '中国', NULL, '2019-07-27 00:00:00', '2019-07-27 09:53:21');
INSERT INTO `estate_house_resource` VALUES (1153914050304831490, 1152500640581279746, 1152769933717860353, 601, 6, 2, 1, 1, '1', '住宅小区', '加密房', 100, 80, '东', '多层', 2019, '出租', '出售', NULL, 1800, NULL, 1500, '各付', '来电', '空房', '毛坯', '地板', '配套', '配套', '商品房', '房地产证', '一次付清', '商议', '有匙', 201, '各付', 1, 'stylefeng', '林海宏', '18925623775', '23', '100', '22', '中国', NULL, '2019-07-24 00:00:00', NULL);
INSERT INTO `estate_house_resource` VALUES (1153915264996245506, 1152500640581279746, 1152770396638998530, 402, 4, 2, 1, 1, '1', '住宅小区', '加密房', 150, 120, '东', '多层', 2019, '出售', '有效', NULL, 1500, NULL, 1100, '各付', '来电', '空房', '毛坯', '地板', '配套', '配套', '商品房', '房地产证', '一次付清', '商议', '有匙', 801, '各付', 1, 'stylefeng', '林海宏', '18925623775', '無', '100', '無', '中国', NULL, '2019-07-27 00:00:00', '2019-07-27 20:02:18');
INSERT INTO `estate_house_resource` VALUES (1153917484697419778, 1152500640581279746, 1152769933717860353, 301, 3, 2, 1, 1, '1', '住宅小区', '加密房', 100, 80, '东', '多层', 2019, '出售', '有效', NULL, 1800, NULL, 1400, '各付', '来电', '空房', '毛坯', '地板', '配套', '配套', '商品房', '房地产证', '一次付清', '商议', '直接', 606, '各付', 1, 'stylefeng', '林海宏', '18925623775', '無', '100', '無', '中国', NULL, '2019-07-27 00:00:00', '2019-07-27 20:02:23');
INSERT INTO `estate_house_resource` VALUES (1153920167038754817, 1152500640581279746, 1152770552654524417, 707, 7, 2, 1, 1, '1', '住宅小区', '加密房', 160, 120, '东', '多层', 2019, '出售', '有效', NULL, 2000, NULL, 1800, '各付', '来电', '空房', '毛坯', '地板', '配套', '配套', '商品房', '房地产证', '一次付清', '商议', '直接', 202, '各付', 1, 'stylefeng', '林海宏', '18925623775', '1', '100', '1', '中国', NULL, '2019-07-27 00:00:00', '2019-07-27 20:02:30');
INSERT INTO `estate_house_resource` VALUES (1153921431604633602, 1152500640581279746, 1152769933717860353, 305, 3, 3, 1, 1, '1', '住宅小区', '加密房', 100, 80, '东', '多层', 2019, '出租', '出售', NULL, 1500, NULL, 1400, '各付', '来电', '空房', '毛坯', '地板', '配套', '配套', '商品房', '房地产证', '一次付清', '商议', '直接', 502, '各付', 1, 'stylefeng', '林海宏', '18925623775', '1', '100', '1', '中国', NULL, '2019-07-25 00:00:00', '2019-07-25 08:03:40');
INSERT INTO `estate_house_resource` VALUES (1154543501573148674, 1152500640581279746, 1152770506869501954, 606, 6, 2, 1, 1, '1', '住宅小区', '加密房', 100, 80, '东', '多层', 2019, '出租', '出售', NULL, 1800, NULL, 1500, '各付', '来电', '空房', '毛坯', '地板', '配套', '配套', '商品房', '房地产证', '一次付清', '商议', '有匙', 202, '沙发', 1, 'stylefeng', '林海宏', '18925623775', '1', '350', '1', '中国', NULL, '2019-07-26 00:00:00', NULL);
INSERT INTO `estate_house_resource` VALUES (1154581997906046977, 1152500640581279746, 1152769933717860353, 333, 3, 2, 1, 1, '1', '住宅小区', '加密房', 100, 80, '东', '多层', 2019, '出租', '出售', NULL, 1800, NULL, 1400, '各付', '来电', '空房', '毛坯', '地板', '配套', '配套', '商品房', '房地产证', '一次付清', '商议', '预约', NULL, '床', 1, 'stylefeng', '林海宏', '18925623775', '1', '100', '1', '中国', NULL, '2019-07-26 00:00:00', NULL);
INSERT INTO `estate_house_resource` VALUES (1155331161933770753, 1152500640581279746, 1152769933717860353, 999, 9, 2, 1, 1, '1', '住宅小区', '加密房', 150, 120, '东', '多层', 2019, '出租', '有效', NULL, 1500, NULL, 1400, '各付', '来电', '空房', '毛坯', '地板', '配套', '配套', '商品房', '房地产证', '一次付清', '商议', '预约', NULL, '各付', 1153515729740365826, '李利光', '林海宏', '1', '1', '1', '1', '中国', NULL, '2019-07-30 12:16:01', NULL);
INSERT INTO `estate_house_resource` VALUES (1155332093505466369, 1152500640581279746, 1152769933717860353, 666, 6, 2, 1, 1, '1', '住宅小区', '加密房', 150, 120, '东', '多层', 2019, '出租', '有效', NULL, 1900, NULL, 1400, '各付', '来电', '空房', '毛坯', '地板', '配套', '配套', '商品房', '房地产证', '一次付清', '商议', '预约', NULL, '各付', 1153515729740365826, '李利光', '林海宏', '18925623775', '1', '300', '1', '中国', NULL, '2019-07-28 12:19:35', NULL);
INSERT INTO `estate_house_resource` VALUES (1155332763029721090, 1152500640581279746, 1152769933717860353, 444, 4, 2, 1, 1, '1', '住宅小区', '推介房', 150, 120, '东', '多层', 2019, '出租', '有效', NULL, 1500, NULL, 1400, '各付', '来电', '空房', '毛坯', '地板', '配套', '配套', '商品房', '房地产证', '一次付清', '商议', '预约', NULL, '各付', 1153515729740365826, '李利光', '林海宏', '18925623775', '222', '100', '222', '中国', NULL, '2019-07-28 12:22:26', NULL);
INSERT INTO `estate_house_resource` VALUES (1155335451582746626, 1152500640581279746, 1152770439441870849, 333, 3, 2, 1, 1, '1', '住宅小区', '推介房', 3, 3, '东', '多层', 2019, '出租', '有效', NULL, 3, NULL, 3, '各付', '来电', '空房', '毛坯', '地板', '配套', '配套', '商品房', '房地产证', '一次付清', '商议', '预约', NULL, '各付', 1153515729740365826, '李利光', '3', '3', '3', '3', '3', '中国', NULL, '2019-07-28 12:33:16', '2019-07-28 16:12:46');
INSERT INTO `estate_house_resource` VALUES (1155335933818654721, 1152500640581279746, 1152769933717860353, 1, 1, 2, 1, 1, '1', '住宅小区', '推介房', 1, 1, '东', '多层', 2019, '出租', '有效', NULL, 1, NULL, 1, '各付', '来电', '空房', '毛坯', '地板', '配套', '配套', '商品房', '房地产证', '一次付清', '商议', '预约', NULL, '各付', 1153515729740365826, '李利光', '1', '1', '1', '1', '1', '中国', NULL, '2019-07-28 12:35:10', NULL);
INSERT INTO `estate_house_resource` VALUES (1155336390154735618, 1152500640581279746, 1152769933717860353, 2, 2, 2, 1, 1, '1', '住宅小区', '推介房', 2, 2, '东', '多层', 2019, '出租', '有效', NULL, 2, NULL, 2, '各付', '来电', '空房', '毛坯', '地板', '配套', '配套', '商品房', '房地产证', '一次付清', '商议', '预约', NULL, '各付', 1153515729740365826, '李利光', '2', '2', '2', '2', '2', '中国', NULL, '2019-07-28 12:37:02', NULL);
INSERT INTO `estate_house_resource` VALUES (1155338906275753986, 1152500640581279746, 1152769933717860353, 3, 3, 2, 1, 1, '1', '住宅小区', '推介房', 3, 3, '东', '多层', 2019, '出租', '有效', NULL, 3, NULL, 3, '各付', '来电', '空房', '毛坯', '地板', '配套', '配套', '商品房', '房地产证', '一次付清', '商议', '预约', NULL, '各付', 1153515729740365826, '李利光', '3', '3', '3', '3', '3', '中国', NULL, '2019-07-28 12:46:57', NULL);
INSERT INTO `estate_house_resource` VALUES (1155379972370624513, 1152500640581279746, 1152769933717860353, 4, 4, 2, 1, 1, '1', '住宅小区', '推介房', 4, 4, '东', '多层', 2019, '出租', '有效', NULL, 4, NULL, 4, '各付', '来电', '空房', '毛坯', '地板', '配套', '配套', '商品房', '房地产证', '一次付清', '商议', '预约', NULL, '各付', 1153515729740365826, '李利光', '4', '4', '4', '4', '4', '中国', NULL, '2019-07-28 15:30:13', NULL);
INSERT INTO `estate_house_resource` VALUES (1155384726115102722, 1152500640581279746, 1152769933717860353, 5, 5, 2, 1, 1, '1', '住宅小区', '推介房', 5, 5, '东', '多层', 2019, '出租', '有效', NULL, 5, NULL, NULL, '各付', '来电', '空房', '毛坯', '地板', '配套', '配套', '商品房', '房地产证', '一次付清', '商议', '预约', NULL, '各付', 1153515729740365826, '李利光', '5', '5', '5', '5', '5', '中国', NULL, '2019-07-28 15:49:07', NULL);
INSERT INTO `estate_house_resource` VALUES (1155401968458403841, 1152500640581279746, 1152769933717860353, 11123, 1, 2, 1, 1, '1', '住宅小区', '推介房', 150, 80, '东', '多层', 2019, '出租', '有效', NULL, 1500, NULL, 1500, '各付', '中介', '租客住', '清水', '地板', '配套', '配套', '商品房', '房地产证', '一次付清', '商议', '有匙', 222, '各付', 1155325978646413313, '李志成', '林海宏', '18925623775', '我是的哈多亏了符合撒沙口路合法数据库符号卡闪电发货很快拉倒', '123', '热水器  电风扇  书桌  地柜  沙发  热水器  书桌  空调  抽油烟机  书桌  ', '中国', NULL, '2019-07-28 16:57:05', NULL);
INSERT INTO `estate_house_resource` VALUES (1155402098955784194, 1152500640581279746, 1152769933717860353, 1, 1, 2, 1, 1, '1', '住宅小区', '推介房', 1, 1, '东', '多层', 2019, '出租', '有效', NULL, 1, NULL, 1, '各付', '来电', '空房', '毛坯', '地板', '配套', '配套', '商品房', '房地产证', '一次付清', '商议', '预约', NULL, '各付', 1155325978646413313, '李志成', '1', '1', '1', '1', '1', '中国', NULL, '2019-07-28 16:58:05', NULL);

-- ----------------------------
-- Table structure for estate_view
-- ----------------------------
DROP TABLE IF EXISTS `estate_view`;
CREATE TABLE `estate_view`  (
  `view_id` bigint(20) NOT NULL COMMENT '主键id',
  `resource_id` bigint(20) DEFAULT NULL COMMENT '来源id',
  `view_path` varchar(255) CHARACTER SET utf8 COLLATE utf8_general_ci DEFAULT NULL COMMENT '视图路径',
  `view_type` varchar(255) CHARACTER SET utf8 COLLATE utf8_general_ci DEFAULT NULL COMMENT '视图类型',
  `create_time` datetime(0) DEFAULT NULL COMMENT '创建时间',
  `update_time` datetime(0) DEFAULT NULL ON UPDATE CURRENT_TIMESTAMP(0) COMMENT '修改时间',
  PRIMARY KEY (`view_id`) USING BTREE
) ENGINE = InnoDB CHARACTER SET = utf8 COLLATE = utf8_general_ci COMMENT = '视图' ROW_FORMAT = Dynamic;

-- ----------------------------
-- Records of estate_view
-- ----------------------------
INSERT INTO `estate_view` VALUES (1154787112998957057, 1153289805518417921, 'a5196318-2a0f-412f-90ec-fe66c9b28790.jpg', 'jpg', '2019-07-27 00:14:37', NULL);
INSERT INTO `estate_view` VALUES (1154787113015734273, 1153289805518417921, 'e7eb0298-bf32-4b26-9de0-19e441a547b8.jpg', 'jpg', '2019-07-27 00:14:37', NULL);
INSERT INTO `estate_view` VALUES (1154787113015734274, 1153289805518417921, '3bc42d93-e5fe-4277-9084-84697c6adf88.jpg', 'jpg', '2019-07-27 00:14:37', NULL);
INSERT INTO `estate_view` VALUES (1154787113024122882, 1153289805518417921, '31e912b2-4f38-4746-a7f1-da81495a53e0.jpg', 'jpg', '2019-07-27 00:14:37', NULL);
INSERT INTO `estate_view` VALUES (1154787113024122883, 1153289805518417921, '3106ae4c-91ac-4e63-9845-ae084c4687a3.jpg', 'jpg', '2019-07-27 00:14:37', NULL);
INSERT INTO `estate_view` VALUES (1154787113049288705, 1153289805518417921, 'c7fc5df9-b9c5-4251-bb24-82a8f9de8d5c.jpg', 'jpg', '2019-07-27 00:14:37', NULL);
INSERT INTO `estate_view` VALUES (1154787523726176257, 1153289805518417921, '8c77bf5f-3d23-4cc2-b2df-b0b845a237d3.jpg', 'jpg', '2019-07-27 00:16:15', NULL);
INSERT INTO `estate_view` VALUES (1154787523726176258, 1153289805518417921, '94c1b509-efbd-4729-861f-2882398c1a35.jpg', 'jpg', '2019-07-27 00:16:15', NULL);
INSERT INTO `estate_view` VALUES (1154787523726176259, 1153289805518417921, '174ca2a1-6bf9-4371-aad0-c5fdd2c7305e.jpg', 'jpg', '2019-07-27 00:16:15', NULL);
INSERT INTO `estate_view` VALUES (1154787523755536385, 1153289805518417921, '7cb45319-17e7-40fe-9570-54f33ed39583.jpg', 'jpg', '2019-07-27 00:16:15', NULL);
INSERT INTO `estate_view` VALUES (1154787523772313601, 1153289805518417921, 'd40738b2-dd82-4cab-90f1-51cd94b3ae38.jpg', 'jpg', '2019-07-27 00:16:15', NULL);
INSERT INTO `estate_view` VALUES (1154787523801673729, 1153289805518417921, '7114d568-d107-4df9-a0ae-b987ddbd4a26.jpg', 'jpg', '2019-07-27 00:16:15', NULL);
INSERT INTO `estate_view` VALUES (1154787599580164098, 1153289805518417921, 'b8da61f9-2c65-4719-a604-c196a261cab9.jpg', 'jpg', '2019-07-27 00:16:33', NULL);
INSERT INTO `estate_view` VALUES (1154787599605329922, 1153289805518417921, 'a35d1e73-a019-4d62-a6ac-dabfc56890e6.jpg', 'jpg', '2019-07-27 00:16:33', NULL);
INSERT INTO `estate_view` VALUES (1154787599764713473, 1153289805518417921, '88277f29-1254-4176-8d6f-5c56ea3ed8b4.jpg', 'jpg', '2019-07-27 00:16:33', NULL);
INSERT INTO `estate_view` VALUES (1154787599764713474, 1153289805518417921, 'eab024d6-3feb-400b-a91a-5dfd5cc6535a.jpg', 'jpg', '2019-07-27 00:16:33', NULL);
INSERT INTO `estate_view` VALUES (1154787599764713475, 1153289805518417921, 'b86ee497-ff27-45bf-b34c-5294fb2a6b63.jpg', 'jpg', '2019-07-27 00:16:33', NULL);
INSERT INTO `estate_view` VALUES (1154787599831822338, 1153289805518417921, '6316d58c-ad79-46c7-afa2-7800d1ebba6b.jpg', 'jpg', '2019-07-27 00:16:33', NULL);
INSERT INTO `estate_view` VALUES (1154787835606233090, 1153911962493546498, '4ca8c4d9-e515-41dc-8111-176b118d59a9.jpg', 'jpg', '2019-07-27 00:17:30', NULL);
INSERT INTO `estate_view` VALUES (1154788300398108673, 1153911962493546498, '1cbdc035-d4e3-4ef6-b805-e2a17b915a48.jpg', 'jpg', '2019-07-27 00:19:20', NULL);
INSERT INTO `estate_view` VALUES (1154788321294131201, 1153913419334709250, '1c6ba7eb-8176-456f-9a9a-51a446206ea1.jpg', 'jpg', '2019-07-27 00:19:25', NULL);
INSERT INTO `estate_view` VALUES (1154788321294131202, 1153913419334709250, 'ecc702ad-d898-4ce7-8216-b9e430831c39.jpg', 'jpg', '2019-07-27 00:19:25', NULL);
INSERT INTO `estate_view` VALUES (1154788321319297025, 1153913419334709250, 'e96d2b53-cdd7-425e-a0f6-7e189353da30.jpg', 'jpg', '2019-07-27 00:19:25', NULL);
INSERT INTO `estate_view` VALUES (1154788321348657153, 1153913419334709250, 'a400534c-40d6-4266-b14d-e50fe5181490.jpg', 'jpg', '2019-07-27 00:19:25', NULL);
INSERT INTO `estate_view` VALUES (1154788321365434369, 1153913419334709250, 'd15d7d40-32d6-4afe-89ce-0d490b5da2e4.jpg', 'jpg', '2019-07-27 00:19:25', NULL);
INSERT INTO `estate_view` VALUES (1154788321373822977, 1153913419334709250, '5d9df68a-7b8c-495d-96fe-d5bd685b744c.jpg', 'jpg', '2019-07-27 00:19:25', NULL);
INSERT INTO `estate_view` VALUES (1154981668096897025, 1153277826905006082, '3d30e7b2-fcf7-4833-9ab4-e3b7f2878f94.jpg', 'jpg', '2019-07-27 13:07:43', NULL);
INSERT INTO `estate_view` VALUES (1154981682927955969, 1153277826905006082, '8b500d10-940d-4f8f-9afc-0eb1643293ff.jpg', 'jpg', '2019-07-27 13:07:46', NULL);
INSERT INTO `estate_view` VALUES (1155063821539217410, 1153277826905006082, '7c20b386-8251-4658-af75-9fe9b49d8ede.jpg', 'jpg', '2019-07-27 18:34:10', NULL);

-- ----------------------------
-- Table structure for follow_info
-- ----------------------------
DROP TABLE IF EXISTS `follow_info`;
CREATE TABLE `follow_info`  (
  `follow_info_id` bigint(20) NOT NULL COMMENT '主键id',
  `house_resource_id` bigint(20) DEFAULT NULL COMMENT '房源id',
  `staff_id` bigint(20) DEFAULT NULL COMMENT '员工id',
  `staff_name` varchar(255) CHARACTER SET utf8 COLLATE utf8_general_ci DEFAULT NULL COMMENT '员工姓名',
  `dept_id` bigint(20) DEFAULT NULL COMMENT '部门id',
  `content` varchar(255) CHARACTER SET utf8 COLLATE utf8_general_ci DEFAULT NULL COMMENT '内容',
  `create_time` datetime(0) DEFAULT NULL COMMENT '创建时间',
  `update_time` datetime(0) DEFAULT NULL COMMENT '更新时间',
  PRIMARY KEY (`follow_info_id`) USING BTREE
) ENGINE = InnoDB CHARACTER SET = utf8 COLLATE = utf8_general_ci COMMENT = '跟进信息' ROW_FORMAT = Dynamic;

-- ----------------------------
-- Records of follow_info
-- ----------------------------
INSERT INTO `follow_info` VALUES (1151379978949005314, 1153277826905006082, NULL, '李利光', 1151369744947924994, '业主说全家要去旅游', '2019-07-25 00:00:00', '2019-07-25 08:27:11');
INSERT INTO `follow_info` VALUES (1152415627852414978, 1153277826905006082, NULL, '林海宏', 1151369744947924994, '业主今天说要去卖猪肉', '2019-07-25 00:00:00', '2019-07-25 08:27:40');
INSERT INTO `follow_info` VALUES (1154793730801250306, 1153277826905006082, NULL, 'stylefeng', 1151369744947924994, '111', '2019-07-27 00:00:00', NULL);
INSERT INTO `follow_info` VALUES (1154910516276105218, 1153277826905006082, NULL, 'stylefeng', 1151369744947924994, '我不知道哦', '2019-07-27 00:00:00', NULL);
INSERT INTO `follow_info` VALUES (1154911202309058562, 1153277826905006082, NULL, 'stylefeng', 1151369744947924994, '666', '2019-07-27 00:00:00', NULL);
INSERT INTO `follow_info` VALUES (1154911389756698625, 1153277826905006082, NULL, 'stylefeng', 1151369744947924994, '666666', '2019-07-27 08:28:23', NULL);
INSERT INTO `follow_info` VALUES (1154914237865291778, 1153277826905006082, NULL, 'stylefeng', 1151369744947924994, '777', '2019-07-27 08:39:43', NULL);
INSERT INTO `follow_info` VALUES (1154914428488019969, 1153277826905006082, NULL, 'stylefeng', 1151369744947924994, '888', '2019-07-27 08:40:29', NULL);
INSERT INTO `follow_info` VALUES (1154914577301925890, 1153277826905006082, NULL, 'stylefeng', 1151369744947924994, '111', '2019-07-27 08:41:02', NULL);
INSERT INTO `follow_info` VALUES (1154914774128029697, 1153277826905006082, NULL, 'stylefeng', 1151369744947924994, '111', '2019-07-27 08:41:51', NULL);
INSERT INTO `follow_info` VALUES (1154914802192117762, 1153277826905006082, NULL, 'stylefeng', 1151369744947924994, '222', '2019-07-27 08:41:59', NULL);
INSERT INTO `follow_info` VALUES (1154914907360096257, 1153277826905006082, NULL, 'stylefeng', 1151369744947924994, '111', '2019-07-27 08:42:24', NULL);
INSERT INTO `follow_info` VALUES (1154915046170587137, 1153911962493546498, NULL, 'stylefeng', 1151369744947924994, '23', '2019-07-27 08:42:55', NULL);
INSERT INTO `follow_info` VALUES (1154915087484481537, 1153911962493546498, NULL, 'stylefeng', 1151369744947924994, '123', '2019-07-27 08:43:07', NULL);
INSERT INTO `follow_info` VALUES (1154916079953305601, 1153277826905006082, NULL, 'stylefeng', 1151369744947924994, '333', '2019-07-27 08:47:03', NULL);
INSERT INTO `follow_info` VALUES (1154947297923125249, 1153277826905006082, NULL, 'stylefeng', 1151369744947924994, 'if三等奖咖啡壶阿圣诞节快乐发哈四大皆空返回阿萨德刻录机回复阿萨德科技立法会基拉收到货复健科四大行就开始东方红阿萨德尽快返回爱上的看法', '2019-07-27 10:51:01', NULL);
INSERT INTO `follow_info` VALUES (1155068060009308162, NULL, NULL, 'stylefeng', 1151369744947924994, '房源信息变动：A4 510—>字段名称:租价,旧值:1800.0,新值:2000.0', '2019-07-27 18:51:00', NULL);
INSERT INTO `follow_info` VALUES (1155068900367495170, 1153277826905006082, NULL, 'stylefeng', 1151369744947924994, '房源信息变动：A4 510—>字段名称:看房,旧值:预约,新值:直接', '2019-07-27 18:54:21', NULL);
INSERT INTO `follow_info` VALUES (1155073653327622145, 1155071592053698561, NULL, 'fdasffffffdsadas', 27, 'afsda', '2019-08-14 19:11:12', NULL);
INSERT INTO `follow_info` VALUES (1155084048658427905, 1154031837576704002, NULL, 'stylefeng', 1151369744947924994, '66', '2019-07-27 19:54:27', NULL);
INSERT INTO `follow_info` VALUES (1155085761905754114, 1153911962493546498, NULL, 'stylefeng', 1151369744947924994, '房源信息变动：A1 201—>字段名称:状态,旧值:有效,新值:', '2019-07-27 20:01:21', NULL);
INSERT INTO `follow_info` VALUES (1155086002348425217, 1153915264996245506, NULL, 'stylefeng', 1151369744947924994, '房源信息变动：A2 402—>字段名称:状态,旧值:有效,新值:', '2019-07-27 20:02:18', NULL);
INSERT INTO `follow_info` VALUES (1155086024590819330, 1153917484697419778, NULL, 'stylefeng', 1151369744947924994, '房源信息变动：A1 301—>字段名称:状态,旧值:有效,新值:', '2019-07-27 20:02:23', NULL);
INSERT INTO `follow_info` VALUES (1155086050423537665, 1153920167038754817, NULL, 'stylefeng', 1151369744947924994, '房源信息变动：A5 707—>字段名称:状态,旧值:有效,新值:', '2019-07-27 20:02:30', NULL);
INSERT INTO `follow_info` VALUES (1155086149165842433, 1153289805518417921, NULL, 'stylefeng', 1151369744947924994, '房源信息变动：A1 503—>字段名称:状态,旧值:有效,新值:租售', '2019-07-27 20:02:53', NULL);
INSERT INTO `follow_info` VALUES (1155257244292591617, 1153289805518417921, 1, '李利光', 1151369744947924994, '测试是否添加用户id', '2019-07-28 07:22:36', NULL);
INSERT INTO `follow_info` VALUES (1155259351301206018, 1153913419334709250, 1, '李利光', 1151369744947924994, '测试是否有添加房源信息', '2019-07-28 07:30:57', NULL);
INSERT INTO `follow_info` VALUES (1155261401040756738, 1153277826905006082, 1, '李利光', 1151369744947924994, 'A4 510: 测试是否有加前缀', '2019-07-28 07:39:08', NULL);
INSERT INTO `follow_info` VALUES (1155291493896871938, 1153289805518417921, 1, '李利光', 1151369744947924994, 'A1 503: 1', '2019-07-28 09:38:49', NULL);
INSERT INTO `follow_info` VALUES (1155291502826545153, 1153289805518417921, 1, '李利光', 1151369744947924994, 'A1 503: 2', '2019-07-28 09:38:51', NULL);
INSERT INTO `follow_info` VALUES (1155291513161310210, 1153289805518417921, 1, '李利光', 1151369744947924994, 'A1 503: 3', '2019-07-28 09:38:53', NULL);
INSERT INTO `follow_info` VALUES (1155291522648825858, 1153289805518417921, 1, '李利光', 1151369744947924994, 'A1 503: 4', '2019-07-28 09:38:56', NULL);
INSERT INTO `follow_info` VALUES (1155291534095081474, 1153289805518417921, 1, '李利光', 1151369744947924994, 'A1 503: 5', '2019-07-28 09:38:59', NULL);
INSERT INTO `follow_info` VALUES (1155291543775535106, 1153289805518417921, 1, '李利光', 1151369744947924994, 'A1 503: 6', '2019-07-28 09:39:01', NULL);
INSERT INTO `follow_info` VALUES (1155291555788021761, 1153289805518417921, 1, '李利光', 1151369744947924994, 'A1 503: 7', '2019-07-28 09:39:03', NULL);
INSERT INTO `follow_info` VALUES (1155291567678873602, 1153289805518417921, 1, '李利光', 1151369744947924994, 'A1 503: asd傻掉了放假哈数据库东方红撒旦法来看货款发链接和谁打开立法会阿SDK拉风和SD卡立法会爱神的箭克隆和法卡萨锻炼机会福克斯大吉发生的进口量符合的接口撒发货阿SDK拉风和看的撒李海峰宽松的啦会卡死锻炼机会发少得可怜', '2019-07-28 00:00:00', '2019-07-28 10:08:08');
INSERT INTO `follow_info` VALUES (1155390626565505026, 1155335451582746626, NULL, '李利光', 1151369744947924994, '房源信息变动：A1 333—>字段名称:栋座id,旧值:A3,新值:A1', '2019-07-28 16:12:46', NULL);

-- ----------------------------
-- Table structure for sys_dept
-- ----------------------------
DROP TABLE IF EXISTS `sys_dept`;
CREATE TABLE `sys_dept`  (
  `dept_id` bigint(20) NOT NULL COMMENT '主键id',
  `pid` bigint(20) DEFAULT 0 COMMENT '父部门id',
  `pids` varchar(512) CHARACTER SET utf8 COLLATE utf8_bin DEFAULT '' COMMENT '父级ids',
  `simple_name` varchar(45) CHARACTER SET utf8 COLLATE utf8_bin DEFAULT NULL COMMENT '简称',
  `full_name` varchar(255) CHARACTER SET utf8 COLLATE utf8_bin DEFAULT NULL COMMENT '全称',
  `description` varchar(255) CHARACTER SET utf8 COLLATE utf8_bin DEFAULT NULL COMMENT '描述',
  `version` int(11) DEFAULT NULL COMMENT '版本（乐观锁保留字段）',
  `sort` int(11) DEFAULT NULL COMMENT '排序',
  `create_time` datetime(0) DEFAULT NULL COMMENT '创建时间',
  `update_time` datetime(0) DEFAULT NULL COMMENT '修改时间',
  `create_user` bigint(20) DEFAULT NULL COMMENT '创建人',
  `update_user` bigint(20) DEFAULT NULL COMMENT '修改人',
  PRIMARY KEY (`dept_id`) USING BTREE
) ENGINE = InnoDB CHARACTER SET = utf8 COLLATE = utf8_bin COMMENT = '部门表' ROW_FORMAT = Dynamic;

-- ----------------------------
-- Records of sys_dept
-- ----------------------------
INSERT INTO `sys_dept` VALUES (25, 24, '[0],[24],', '开发部', '开发部', '', NULL, 2, NULL, NULL, NULL, NULL);
INSERT INTO `sys_dept` VALUES (26, 24, '[0],[24],', '运营部', '运营部', '', NULL, 3, NULL, NULL, NULL, NULL);
INSERT INTO `sys_dept` VALUES (27, 24, '[0],[24],', '战略部', '战略部', '', NULL, 4, NULL, NULL, NULL, NULL);
INSERT INTO `sys_dept` VALUES (1151369744947924994, 24, '[0],[24],', '合景分行', '合景分行', '合景分行', NULL, 1, '2019-07-17 13:55:13', '2019-07-23 12:00:31', 1, 1);

-- ----------------------------
-- Table structure for sys_dict
-- ----------------------------
DROP TABLE IF EXISTS `sys_dict`;
CREATE TABLE `sys_dict`  (
  `dict_id` bigint(20) NOT NULL COMMENT '字典id',
  `dict_type_id` bigint(20) NOT NULL COMMENT '所属字典类型的id',
  `code` varchar(50) CHARACTER SET utf8 COLLATE utf8_bin NOT NULL COMMENT '字典编码',
  `name` varchar(255) CHARACTER SET utf8 COLLATE utf8_bin NOT NULL COMMENT '字典名称',
  `parent_id` bigint(20) NOT NULL COMMENT '上级代码id',
  `parent_ids` varchar(255) CHARACTER SET utf8 COLLATE utf8_bin DEFAULT NULL COMMENT '所有上级id',
  `status` varchar(10) CHARACTER SET utf8 COLLATE utf8_bin NOT NULL DEFAULT 'ENABLE' COMMENT '状态（字典）',
  `sort` int(11) DEFAULT NULL COMMENT '排序',
  `description` varchar(1000) CHARACTER SET utf8 COLLATE utf8_bin DEFAULT NULL COMMENT '字典的描述',
  `create_time` datetime(0) DEFAULT NULL COMMENT '创建时间',
  `update_time` datetime(0) DEFAULT NULL COMMENT '更新时间',
  `create_user` bigint(20) DEFAULT NULL COMMENT '创建人',
  `update_user` bigint(20) DEFAULT NULL COMMENT '修改人',
  PRIMARY KEY (`dict_id`) USING BTREE
) ENGINE = InnoDB CHARACTER SET = utf8 COLLATE = utf8_bin COMMENT = '基础字典' ROW_FORMAT = Dynamic;

-- ----------------------------
-- Records of sys_dict
-- ----------------------------
INSERT INTO `sys_dict` VALUES (1106120532442595330, 1106120208097067009, 'M', '男', 0, '[0]', 'ENABLE', NULL, '', '2019-03-14 17:11:00', NULL, 1, NULL);
INSERT INTO `sys_dict` VALUES (1106120574163337218, 1106120208097067009, 'F', '女', 0, '[0]', 'ENABLE', NULL, '', '2019-03-14 17:11:10', NULL, 1, NULL);
INSERT INTO `sys_dict` VALUES (1106120645697191938, 1106120265689055233, 'ENABLE', '启用', 0, '[0]', 'ENABLE', NULL, '', '2019-03-14 17:11:27', NULL, 1, NULL);
INSERT INTO `sys_dict` VALUES (1106120699468169217, 1106120265689055233, 'DISABLE', '禁用', 0, '[0]', 'ENABLE', NULL, '', '2019-03-14 17:11:40', NULL, 1, NULL);
INSERT INTO `sys_dict` VALUES (1106120784318939137, 1106120322450571266, 'ENABLE', '启用', 0, '[0]', 'ENABLE', NULL, '', '2019-03-14 17:12:00', NULL, 1, NULL);
INSERT INTO `sys_dict` VALUES (1106120825993543682, 1106120322450571266, 'FREEZE', '冻结', 0, '[0]', 'ENABLE', 1, '', '2019-03-14 17:12:10', '2019-03-16 10:56:36', 1, 1);
INSERT INTO `sys_dict` VALUES (1106120875872206849, 1106120322450571266, 'DELETED', '已删除', 0, '[0]', 'ENABLE', -1221, '', '2019-03-14 17:12:22', '2019-03-16 10:56:53', 1, 1);
INSERT INTO `sys_dict` VALUES (1106120935070613505, 1106120388036902914, 'Y', '删除', 0, '[0]', 'ENABLE', 23333, '', '2019-03-14 17:12:36', '2019-03-16 10:58:53', 1, 1);
INSERT INTO `sys_dict` VALUES (1106120968910258177, 1106120388036902914, 'N', '未删除', 0, '[0]', 'ENABLE', 1212211221, '', '2019-03-14 17:12:44', '2019-03-16 10:59:03', 1, 1);
INSERT INTO `sys_dict` VALUES (1106751061042974722, 1106120322450571266, '11212', '122', 0, '[0]', 'ENABLE', 1212, '122112', '2019-03-16 10:56:30', NULL, 1, NULL);
INSERT INTO `sys_dict` VALUES (1106751747772166145, 1106120388036902914, '12312', '3123123', 1106120968910258177, '[0],[1106120968910258177]', 'ENABLE', 123, '', '2019-03-16 10:59:14', NULL, 1, NULL);
INSERT INTO `sys_dict` VALUES (1148259527020367874, 1148258634707357697, '123', '213', 0, '[0]', 'ENABLE', 123, '123', '2019-07-08 23:56:20', NULL, 1, NULL);

-- ----------------------------
-- Table structure for sys_dict_type
-- ----------------------------
DROP TABLE IF EXISTS `sys_dict_type`;
CREATE TABLE `sys_dict_type`  (
  `dict_type_id` bigint(20) NOT NULL COMMENT '字典类型id',
  `code` varchar(255) CHARACTER SET utf8 COLLATE utf8_bin NOT NULL COMMENT '字典类型编码',
  `name` varchar(255) CHARACTER SET utf8 COLLATE utf8_bin NOT NULL COMMENT '字典类型名称',
  `description` varchar(1000) CHARACTER SET utf8 COLLATE utf8_bin DEFAULT NULL COMMENT '字典描述',
  `system_flag` char(1) CHARACTER SET utf8 COLLATE utf8_bin NOT NULL COMMENT '是否是系统字典，Y-是，N-否',
  `status` varchar(10) CHARACTER SET utf8 COLLATE utf8_bin NOT NULL DEFAULT 'ENABLE' COMMENT '状态(字典)',
  `sort` int(11) DEFAULT NULL COMMENT '排序',
  `create_time` datetime(0) DEFAULT NULL COMMENT '添加时间',
  `create_user` bigint(20) DEFAULT NULL COMMENT '创建人',
  `update_time` datetime(0) DEFAULT NULL COMMENT '修改时间',
  `update_user` bigint(20) DEFAULT NULL COMMENT '修改人',
  PRIMARY KEY (`dict_type_id`) USING BTREE
) ENGINE = InnoDB CHARACTER SET = utf8 COLLATE = utf8_bin COMMENT = '字典类型表' ROW_FORMAT = Dynamic;

-- ----------------------------
-- Records of sys_dict_type
-- ----------------------------
INSERT INTO `sys_dict_type` VALUES (1106120208097067009, 'SEX', '性别', '', 'Y', 'ENABLE', 4, '2019-03-14 17:09:43', 1, NULL, NULL);
INSERT INTO `sys_dict_type` VALUES (1106120265689055233, 'STATUS', '状态', '', 'Y', 'ENABLE', 3, '2019-03-14 17:09:57', 1, NULL, NULL);
INSERT INTO `sys_dict_type` VALUES (1106120322450571266, 'ACCOUNT_STATUS', '账号状态', '', 'Y', 'ENABLE', 21112, '2019-03-14 17:10:10', 1, '2019-03-16 10:56:15', 1);
INSERT INTO `sys_dict_type` VALUES (1106120388036902914, 'DEL_FLAG', '是否删除', '', 'Y', 'ENABLE', 2, '2019-03-14 17:10:26', 1, '2019-03-27 16:26:31', 1);
INSERT INTO `sys_dict_type` VALUES (1148258634707357697, 'Test', 'test', '1', 'N', 'ENABLE', 1, '2019-07-08 23:52:47', 1, NULL, NULL);

-- ----------------------------
-- Table structure for sys_file_info
-- ----------------------------
DROP TABLE IF EXISTS `sys_file_info`;
CREATE TABLE `sys_file_info`  (
  `file_id` varchar(50) CHARACTER SET utf8 COLLATE utf8_bin NOT NULL COMMENT '主键id',
  `file_data` text CHARACTER SET utf8 COLLATE utf8_bin COMMENT 'base64编码的文件',
  `create_time` datetime(0) DEFAULT NULL COMMENT '创建时间',
  `update_time` datetime(0) DEFAULT NULL COMMENT '修改时间',
  `create_user` bigint(20) DEFAULT NULL COMMENT '创建用户',
  `update_user` bigint(20) DEFAULT NULL COMMENT '修改用户',
  PRIMARY KEY (`file_id`) USING BTREE
) ENGINE = InnoDB CHARACTER SET = utf8 COLLATE = utf8_bin COMMENT = '文件信息表' ROW_FORMAT = Dynamic;

-- ----------------------------
-- Records of sys_file_info
-- ----------------------------
INSERT INTO `sys_file_info` VALUES ('1', '/9j/4AAQSkZJRgABAQAAAQABAAD/2wBDAAMCAgICAgMCAgIDAwMDBAYEBAQEBAgGBgUGCQgKCgkICQkKDA8MCgsOCwkJDRENDg8QEBEQCgwSExIQEw8QEBD/2wBDAQMDAwQDBAgEBAgQCwkLEBAQEBAQEBAQEBAQEBAQEBAQEBAQEBAQEBAQEBAQEBAQEBAQEBAQEBAQEBAQEBAQEBD/wAARCABjAGQDASIAAhEBAxEB/8QAHAAAAgIDAQEAAAAAAAAAAAAAAAkHCAUGCgQD/8QAPBAAAQMDAgMGBAQEBAcAAAAAAQIDBAUGEQAHCBIhCRMUMUFhIjJRcSNygZEVFiRCF0OCoRhSYnODosH/xAAXAQEBAQEAAAAAAAAAAAAAAAAAAQID/8QAGhEBAQEBAQEBAAAAAAAAAAAAAAECEQMxIf/aAAwDAQACEQMRAD8Aahozo0aA0Z0aXp2jXaFyNmi/sxs1UWzd77eKnU0YUKYhQ+RHp3pHr6aCynETxqbC8NENxF9XQmXW+TmaodN5X5q/pzJyA2PdZHtnS79yu2m3cq0txna3bi37fg5IQ7UlOTpJHocgobH25T99LwrNaq1xVORWq7UpE+fLcLr8iQ4VuOLJySSepOdeLQWorfad8a1alKkDeBUBBJKWYdIhNoT7D8HJ/UnWWsrtVeMi05okVO+4FzR/WLVqTHKD/rZQhz/21Vm0rTrl73JS7Ut2EuTUKxOYp0ZABwXnlhCAT6ZJ/YH6ax9QgyaZOkU6Y2W34rqmXUn+1STgj9xoG88PnbH2Td0+Lbm/FoC1ZUhSWxWKatT0EKPq42rLjY9wV/ppiVAuCh3TR4twW3VotSps5oPRpUV0ONOoPkUqHQ65bghRSVhJKU+Zx0Grb8CfHXd3DPd0W2bknyalt/UnktzILiirwRUcd+zn5SPUeRGgfVo14aHW6XclGhXBRJjcuBUWESYz7ZylxtYykj9Dr3aA0aNGgNGjRoIY4vN94XDtsRcW4TjyE1BLBiUpsnq5LcBCAPt5/prnWr1drV316fcVdmuzajUX1yZL7qsqWtRySTpkfbJbk1m59xrR2OoKHnm6ZEVVZTDYzzvODKTj1AbGdLcpUXvIlRl5GI7KUn/WoJ/+6DKV2iQaZb1ux47KnatVkOTninr+EpXIygD65Q4T906sTuNwiVjafZzbmiVCiO1Ddfd+qpVApyUkqgU9tKcNY9HFuOslR/tSCPrqNrbtG8axvXT27M29n3q5ShBcbp0ZtZQ7iO2oJKkj4RzEn99NR4TNnOIq6t2Le3S4l7DplCh2LRZsa1ozK8uNPy3G+bnSpSlZShLnxE+a/YaDG8PHBLb2y+7G19nOMMzZ1pUGXeFyzwjIl1eQoRoqAT5NtJRL5B9cnzOl+do1sRK2Q4mLiEaGpqhXS8qt0tYThHK8eZxsfkWVJx9ANPmj2vCj3hPvJLqzLqFNiUxaD8qW47shxJHuTKXn7DUGcc/DRZHEZs3Oj3FITTarbrTs+l1QNlSmFhPxIUAMqQrABA9cY0CkNh9gf564O97N0DE7yRQn4HhFFPUBklbnKfcOgH7aqxpunCHUNrLJ4Ern2/uCtIfn1Ryqxqz3DSleBdWFCOZCcZbScIwojGlNv0sNfxEB4K8A73fTqFjnKcg6B3HZL7wPbj8NX8o1OWp6oWROVT/iVlXhnMra/wB+cfoNXb0oLsTrnksbpX9Z/OfDy6E3UOX0Ljb7aAf2cVpvvvoDRo0aA0aNGgpPxe8N1v09zdTidqUtM64pFuJpVvw8ZLSiyhohII6uFWSnl69dLr4LuFJO6+8dT2U3npdwWt46kCoJSuMWJJDSwsYDg8lAEZxpxXEFGqMabZ12Kos2rUW36i7JqDEOC5NcZcU3ysSfDt5W6ltWSQgFWD0+usNtDW27tuKZdFz1WDXajBQI8CqubfzaAthLhwWG5Etai9n1SjHvrOtcS1ru6tY254A+GStXTt3ZjClUeOxGjhQy9MlLUllpch3HMoBRST9ADgDVR+AHtCOIbeXiEgbUX8mn1umXNImTXJCGC0umttRXHAhvBx3fM2gYVk/EepyNMM3R27sveazKttjftNVOo1Ya7qQ2lRSpJB5krSofKpKgFA/UDUacL/A5slwsVipXHYLNWqFaqTJjKqFWkIedZjlQUWm+RCEpBKU5OCTgdcdNYz6S/Vubifqyml58fnaN35w27ntbT7b2zR5MpiLGnTZ89S18vP8AF3QbTjzQU/FzevlphQVkfTVE+O3s55PFFfcLcyyL2gUGt+FRCqDNRZcUxIQjohxKkAqSoJwnHLg4HUa6WyHWHodatLii2pjcXOz1sMUi96GlcW76I2gdzWIoH9VGeSBh08hUtCiM6VrfduRKLbFcuVmGqI3X7lej0+OtHKURGypw4HpyqKUHTxuDrhnp/CltaNvWbiFbqEuUqdUZga7pDjyhjCEEkhIAwCTk+2qubx9mvee/9yKDN6U60qNQnpqmFuw1yV1CZJe7x50JBRyN/KAokk9emszcqXsvKjbsTbOlv7i3/fpbV4SJR2qXzY6d668hwDP5WlabtqpHARswnhZodZ2EuhTLt1yH117+IxwTGqcLKW0qaJwrLZICkqAILgxkddW31tRo0dfro0Bo0ax1w3BSLVoVQuSvTW4dOpkdyVKfcOEttISVKJ/QaDR9/t/tveHLb+ZuDuFUwzHaBRFioIL81/GUtNp9SfU+QHU6Wzsnxkb68anE1JsRNbatm3KhSpjlLpTCOduM8wnvWXVL6KU5zJGVeWCQBjVVONvisuDii3Zm1gynmrWpLq4tCg83wIZBx3pHqteMk++rHdjBt09V94Lo3IeZ/pqBSvBsuY/z3iARn8mdDnTT7KueZWabCjXdTWaDcy0KEmluSW1rKkdFONcqiVtE9UnAOD1AOtxEVLjLjK88riShWFFJwfoR1Go+39f2updiSq3udbbFZiRFIEWL3IckPSVqCGm2PUOKWoJTgjqdR3QrCvanWiu4KZd192TKaZXINDZrCK7yJCeZLaPGoUkKIwOQAAHoDjrrnMSXqXt+tfq/CFdFzzFWjc1Yp0+2WHx4e4pkqVJryoOQUxcKUGkOpGUeKypak4PKF/HqzqYLcCGxCY5i3HbS0jmUVHlAwMk9SdRptVd12Jtar1u8LplV2LGfcciTX4LDCnYiEBQcSGEpSsKByCB19Omomj7k8Q+9VXm2pbF4WrZKnabFrrCI8BybJECSpYaZdf70JadIQSeVGRzApONXWewqeKjd1Dp12wLPiFU2uzh3yorPxGMwPN54/wCWj0Geqj5ZwdYS/wCl7J2RcMHcC6bHDlwLc5o1SptsyJ00rA8lORmVqA/OQNePYw2/bVQnWHVLRXb94JT4ua4/JVLVVk+XiUSl/G8M+YV8Sft114eOPu2uEzc6SVrbcj0CQ60tCyhSVpGUkEEHz1M+ci6t1e1mLJj3Df8AuendKp25PoNEpNKdpdHjVFAbly1vOIW5IW2CS0kBsJSlXxHmJIGBmXdUF7KPiur281jVPai/6y7UbitJtL0SVIXzOyIBIThRPVRQopGT1wofTV+tdCTg0aNGgNLn7YHiOesywKZsPbk4tVG6x4yqltWFJgoVhKD+daTn2SPrpjGueXj/AN0Ht1uKy+ayJPfQqbONIg4OU9xH/DBH35SfudBXbT1ezR2tZ2L4TWrvuNoQ5lx97XpqnBgoYSk90FfZIJ/XSiuE3ZSdv7vza+3kdlSoj8tMmorAyG4jZCnCfbGB+unj8QZbdoNrcPFpLMV27HG4TwZ6GLSGEgvr6eXwp5B7nQaq5eat9dwdk3n6c5Dpk5VRu4xXevOiKhSIqiPoVuMugfbUpbi7rWZtcIzN0TnVT5xIh02EwqRMk48yhpHXA+pwPfWm3HSptp757eVqiUB56lx7fq1Bjojt5Qw8W2nWUqx8qSI5SCfUgay+3Vnt7X2fXd9N2VJmXlNgPVitS1jm/h8ZCC4IbGfkbbQMHHzKCifPQaRS9sw2yKFb+/sy27PqIblxKA0qPHmRWnWkEMB1f4rafXl8xzEamPaTZCwNnaMKTZNIRFbXyqeeUsuvPqAwFOOK6qONQVYZi7v3nAt7f7ZO3o9Svi2l3NSahDe53BExH52HeoUh1sym083qUnHQDUn8OdyVCn0m4dqboqTsur7fVV2lB59WXpEA/iQ3lE+ZLC28q9SDoNqr1q1mp7xWzdSGWm6ZQaZNbLvP8br0gpTyY+iQgHP/AFajTtCHnGuD3cotkjno7iT9j56+m424FT3MviJtptvUH/A0SS3PumrwjzCO22eZMNtQ6KdWR1A8h99eHiwrNH3X4LNyqja8sTGV0KWlOEkKS610UhST1CgQcg6BOvAbvYNieJe1LpmyizSJz/8ACqoc/D4Z/wCAqP15SQr7jXQ6lSVpC0KBSoZBHkRrlfbcW04l1tRSpBCkkehGuibgX3dO9XC/ZN2ypPfVGLCFJqJKsq8RG/DJV7qQELP5tBPejRo0GubkVefQNu7or1KQVzabRZsuMkDJLrbC1IAH3A1zF1eZKqNVmT5ri3JEh9xx1SzlRUVEnOupV1tt5tTLyErQtJSpKhkKB8wRqnlydlJwk3HeRvBVEr0BLjyn3qXDqIRCcUTk5SpBWB18krGgiPsgeHRyy7Dqu/10wgxMuVHh6UXRgtwUE8znXy5j6+oA1ZnaN3/EzcG6t85SVLhuuKt+3Ob+2Cwr8V1I9O8dB6/ROsxv5U2tvtraVtTt3EbhVG53GrZoseOOUR2lJw44APIIbBOfqRrdLPtanWbbNKtKjNhEOlxm4rQAxnlHVR9yck+5Og2alxudRfUCAn5dRvxeyHovC1uu9HJCxZ9VSCPQGMsE/sTqWmGw00lCfQY1q27Vj/4l7XXbt4ZCWf5lok2lB1Q6Nl9lTYUfsVZ/TQRhY7LFb4oqs7FSDEsawaTR2voh6Y++64kf+OPGJ9iNbluDsBYO4lc/mipKq9Mqyo4ivy6RUXIbkpkZ5W3Sg/GBk4PmM9DrXOGPb/ca14NzXduzTodPue6p0Vx6HFlJkIYYiwmIrY7xPQ85ZcdwPLvQPMHU2kZ6aCP7Qsq2Nv6Oi3LSorFNgtEnu2h1Wo+a1qPxLUfVSiSdRNaNCjyqnv5tI+j+imITVI7H9oEyMsr5R+dI1PlQb7uUvHkeuogfUm1eKCizHE4h31b0ilOk9EmTGIdR+pb5hoOeOr052j1abSXx+JCkOR1/mQopP+400zsT90pDzN+7NzJHM2wlm4ILZPy9e5fOPcqY/bVAeK+xpO3HEduDaclotmPXJD6ARgcjyu9Tj2w4NWR7HVNW/wCKyS5AZdVEFtzUzlpB5UNlTfLzH/uBGgdzo0aNAaNGjQV9uUmp8XlKiT/x2aRZzkuC2r5WHnZBQ4tI/wCYpSBk+g1MkQAyG8j10aNBntGjRoDRo0aDEVjo+j3TqEOIImNV9rqmweSUxfNNabdHmlDiilwfZSeh0aNAsXtb6RTYvGAhUaIhsz6DAdklOR3iytxJUffAA/TTK+ArZnbDbHYyjV2xrPh0upXJFbkVWYlS3X5SwTjmW4pSgkdcJBCRkkDro0aCyujRo0H/2Q==', NULL, NULL, NULL, NULL);

-- ----------------------------
-- Table structure for sys_login_log
-- ----------------------------
DROP TABLE IF EXISTS `sys_login_log`;
CREATE TABLE `sys_login_log`  (
  `login_log_id` bigint(20) NOT NULL COMMENT '主键',
  `log_name` varchar(255) CHARACTER SET utf8 COLLATE utf8_bin DEFAULT NULL COMMENT '日志名称',
  `user_id` bigint(20) DEFAULT NULL COMMENT '管理员id',
  `create_time` datetime(0) DEFAULT NULL COMMENT '创建时间',
  `succeed` varchar(255) CHARACTER SET utf8 COLLATE utf8_bin DEFAULT NULL COMMENT '是否执行成功',
  `message` text CHARACTER SET utf8 COLLATE utf8_bin COMMENT '具体消息',
  `ip_address` varchar(255) CHARACTER SET utf8 COLLATE utf8_bin DEFAULT NULL COMMENT '登录ip',
  PRIMARY KEY (`login_log_id`) USING BTREE
) ENGINE = InnoDB CHARACTER SET = utf8 COLLATE = utf8_bin COMMENT = '登录记录' ROW_FORMAT = Dynamic;

-- ----------------------------
-- Records of sys_login_log
-- ----------------------------
INSERT INTO `sys_login_log` VALUES (1144101562235326466, '登录日志', 1, '2019-06-27 12:34:03', '成功', NULL, '0:0:0:0:0:0:0:1');
INSERT INTO `sys_login_log` VALUES (1144129475739471874, '登录日志', 1, '2019-06-27 14:24:58', '成功', NULL, '0:0:0:0:0:0:0:1');
INSERT INTO `sys_login_log` VALUES (1145880193366315009, '登录日志', 1, '2019-07-02 10:21:42', '成功', NULL, '0:0:0:0:0:0:0:1');
INSERT INTO `sys_login_log` VALUES (1146017522026369026, '登录日志', 1, '2019-07-02 19:27:24', '成功', NULL, '0:0:0:0:0:0:0:1');
INSERT INTO `sys_login_log` VALUES (1147102037767409665, '登录日志', 1, '2019-07-05 19:16:52', '成功', NULL, '0:0:0:0:0:0:0:1');
INSERT INTO `sys_login_log` VALUES (1147785049823772673, '登录日志', 1, '2019-07-07 16:30:55', '成功', NULL, '0:0:0:0:0:0:0:1');
INSERT INTO `sys_login_log` VALUES (1148143018105151489, '登录日志', 1, '2019-07-08 16:13:21', '成功', NULL, '0:0:0:0:0:0:0:1');
INSERT INTO `sys_login_log` VALUES (1148255051068854273, '登录日志', 1, '2019-07-08 23:38:32', '成功', NULL, '0:0:0:0:0:0:0:1');
INSERT INTO `sys_login_log` VALUES (1148439187343552513, '登录日志', 1, '2019-07-09 11:50:14', '成功', NULL, '0:0:0:0:0:0:0:1');
INSERT INTO `sys_login_log` VALUES (1148443827309133825, '登录日志', 1, '2019-07-09 12:08:40', '成功', NULL, '0:0:0:0:0:0:0:1');
INSERT INTO `sys_login_log` VALUES (1149183978163417089, '登录日志', 1, '2019-07-11 13:09:46', '成功', NULL, '0:0:0:0:0:0:0:1');
INSERT INTO `sys_login_log` VALUES (1149192945375735810, '登录日志', 1, '2019-07-11 13:45:24', '成功', NULL, '0:0:0:0:0:0:0:1');
INSERT INTO `sys_login_log` VALUES (1149193103136092162, '退出日志', 1, '2019-07-11 13:46:01', '成功', NULL, '0:0:0:0:0:0:0:1');
INSERT INTO `sys_login_log` VALUES (1149193126892630017, '登录日志', 1, '2019-07-11 13:46:07', '成功', NULL, '0:0:0:0:0:0:0:1');
INSERT INTO `sys_login_log` VALUES (1149193575343378434, '登录日志', 1, '2019-07-11 13:47:54', '成功', NULL, '0:0:0:0:0:0:0:1');
INSERT INTO `sys_login_log` VALUES (1149194493094912002, '登录日志', 1, '2019-07-11 13:51:32', '成功', NULL, '0:0:0:0:0:0:0:1');
INSERT INTO `sys_login_log` VALUES (1149302925281984513, '登录日志', 1, '2019-07-11 21:02:25', '成功', NULL, '0:0:0:0:0:0:0:1');
INSERT INTO `sys_login_log` VALUES (1149321283318697985, '登录日志', 1, '2019-07-11 22:15:22', '成功', NULL, '0:0:0:0:0:0:0:1');
INSERT INTO `sys_login_log` VALUES (1149321604443000833, '退出日志', 1, '2019-07-11 22:16:39', '成功', NULL, '0:0:0:0:0:0:0:1');
INSERT INTO `sys_login_log` VALUES (1149321623556444162, '登录日志', 1, '2019-07-11 22:16:43', '成功', NULL, '0:0:0:0:0:0:0:1');
INSERT INTO `sys_login_log` VALUES (1149322486496727042, '登录日志', 1, '2019-07-11 22:20:09', '成功', NULL, '0:0:0:0:0:0:0:1');
INSERT INTO `sys_login_log` VALUES (1149325935351271425, '退出日志', 1, '2019-07-11 22:33:51', '成功', NULL, '0:0:0:0:0:0:0:1');
INSERT INTO `sys_login_log` VALUES (1149325952099127298, '登录日志', 1, '2019-07-11 22:33:55', '成功', NULL, '0:0:0:0:0:0:0:1');
INSERT INTO `sys_login_log` VALUES (1149326858492334082, '登录日志', 1, '2019-07-11 22:37:31', '成功', NULL, '0:0:0:0:0:0:0:1');
INSERT INTO `sys_login_log` VALUES (1150252949239242754, '登录日志', 1, '2019-07-14 11:57:28', '成功', NULL, '0:0:0:0:0:0:0:1');
INSERT INTO `sys_login_log` VALUES (1150255158882504706, '登录日志', 1, '2019-07-14 12:06:15', '成功', NULL, '0:0:0:0:0:0:0:1');
INSERT INTO `sys_login_log` VALUES (1150255599162793985, '登录日志', 1, '2019-07-14 12:08:00', '成功', NULL, '0:0:0:0:0:0:0:1');
INSERT INTO `sys_login_log` VALUES (1150256098503045122, '登录日志', 1, '2019-07-14 12:09:59', '成功', NULL, '0:0:0:0:0:0:0:1');
INSERT INTO `sys_login_log` VALUES (1150257004401397762, '登录日志', 1, '2019-07-14 12:13:35', '成功', NULL, '0:0:0:0:0:0:0:1');
INSERT INTO `sys_login_log` VALUES (1150257459743453185, '登录日志', 1, '2019-07-14 12:15:23', '成功', NULL, '0:0:0:0:0:0:0:1');
INSERT INTO `sys_login_log` VALUES (1150258389016657922, '登录日志', 1, '2019-07-14 12:19:05', '成功', NULL, '0:0:0:0:0:0:0:1');
INSERT INTO `sys_login_log` VALUES (1150261492587741186, '登录日志', 1, '2019-07-14 12:31:25', '成功', NULL, '0:0:0:0:0:0:0:1');
INSERT INTO `sys_login_log` VALUES (1150262042968547330, '登录日志', 1, '2019-07-14 12:33:36', '成功', NULL, '0:0:0:0:0:0:0:1');
INSERT INTO `sys_login_log` VALUES (1150278903902855169, '登录日志', 1, '2019-07-14 13:40:36', '成功', NULL, '0:0:0:0:0:0:0:1');
INSERT INTO `sys_login_log` VALUES (1150283649225076737, '登录日志', 1, '2019-07-14 13:59:28', '成功', NULL, '0:0:0:0:0:0:0:1');
INSERT INTO `sys_login_log` VALUES (1150288230654988290, '登录日志', 1, '2019-07-14 14:17:40', '成功', NULL, '0:0:0:0:0:0:0:1');
INSERT INTO `sys_login_log` VALUES (1150294130702790657, '登录日志', 1, '2019-07-14 14:41:06', '成功', NULL, '0:0:0:0:0:0:0:1');
INSERT INTO `sys_login_log` VALUES (1150294753087172610, '登录日志', 1, '2019-07-14 14:43:35', '成功', NULL, '0:0:0:0:0:0:0:1');
INSERT INTO `sys_login_log` VALUES (1150295861591388161, '登录日志', 1, '2019-07-14 14:47:59', '成功', NULL, '0:0:0:0:0:0:0:1');
INSERT INTO `sys_login_log` VALUES (1150968125387202561, '登录日志', 1, '2019-07-16 11:19:20', '成功', NULL, '0:0:0:0:0:0:0:1');
INSERT INTO `sys_login_log` VALUES (1150971147559387137, '登录日志', 1, '2019-07-16 11:31:20', '成功', NULL, '0:0:0:0:0:0:0:1');
INSERT INTO `sys_login_log` VALUES (1150978739715223553, '登录日志', 1, '2019-07-16 12:01:30', '成功', NULL, '0:0:0:0:0:0:0:1');
INSERT INTO `sys_login_log` VALUES (1150979495965011969, '登录日志', 1, '2019-07-16 12:04:31', '成功', NULL, '0:0:0:0:0:0:0:1');
INSERT INTO `sys_login_log` VALUES (1150980933147451393, '登录日志', 1, '2019-07-16 12:10:13', '成功', NULL, '0:0:0:0:0:0:0:1');
INSERT INTO `sys_login_log` VALUES (1150998771073572865, '登录日志', 1, '2019-07-16 13:21:06', '成功', NULL, '0:0:0:0:0:0:0:1');
INSERT INTO `sys_login_log` VALUES (1151010342181019649, '登录日志', 1, '2019-07-16 14:07:05', '成功', NULL, '0:0:0:0:0:0:0:1');
INSERT INTO `sys_login_log` VALUES (1151011554741780482, '登录日志', 1, '2019-07-16 14:11:54', '成功', NULL, '0:0:0:0:0:0:0:1');
INSERT INTO `sys_login_log` VALUES (1151011678830264321, '登录日志', 1, '2019-07-16 14:12:24', '成功', NULL, '0:0:0:0:0:0:0:1');
INSERT INTO `sys_login_log` VALUES (1151012633172860930, '登录日志', 1, '2019-07-16 14:16:11', '成功', NULL, '127.0.0.1');
INSERT INTO `sys_login_log` VALUES (1151013273123024897, '登录日志', 1, '2019-07-16 14:18:43', '成功', NULL, '0:0:0:0:0:0:0:1');
INSERT INTO `sys_login_log` VALUES (1151015215446425602, '登录日志', 1, '2019-07-16 14:26:27', '成功', NULL, '0:0:0:0:0:0:0:1');
INSERT INTO `sys_login_log` VALUES (1151079023825211393, '登录日志', 1, '2019-07-16 18:40:00', '成功', NULL, '0:0:0:0:0:0:0:1');
INSERT INTO `sys_login_log` VALUES (1151079510771290113, '登录日志', 1, '2019-07-16 18:41:56', '成功', NULL, '0:0:0:0:0:0:0:1');
INSERT INTO `sys_login_log` VALUES (1151136529825976321, '登录日志', 1, '2019-07-16 22:28:30', '成功', NULL, '0:0:0:0:0:0:0:1');
INSERT INTO `sys_login_log` VALUES (1151140341429071873, '登录日志', 1, '2019-07-16 22:43:39', '成功', NULL, '0:0:0:0:0:0:0:1');
INSERT INTO `sys_login_log` VALUES (1151143277639016450, '登录日志', 1, '2019-07-16 22:55:19', '成功', NULL, '0:0:0:0:0:0:0:1');
INSERT INTO `sys_login_log` VALUES (1151150169023123457, '登录日志', 1, '2019-07-16 23:22:42', '成功', NULL, '0:0:0:0:0:0:0:1');
INSERT INTO `sys_login_log` VALUES (1151332007851106306, '登录日志', 1, '2019-07-17 11:25:16', '成功', NULL, '0:0:0:0:0:0:0:1');
INSERT INTO `sys_login_log` VALUES (1151351623646224386, '登录日志', 1, '2019-07-17 12:43:13', '成功', NULL, '0:0:0:0:0:0:0:1');
INSERT INTO `sys_login_log` VALUES (1151366464545026049, '登录日志', 1, '2019-07-17 13:42:11', '成功', NULL, '0:0:0:0:0:0:0:1');
INSERT INTO `sys_login_log` VALUES (1151369673850277890, '登录日志', 1, '2019-07-17 13:54:56', '成功', NULL, '0:0:0:0:0:0:0:1');
INSERT INTO `sys_login_log` VALUES (1151374669366964226, '登录日志', 1, '2019-07-17 14:14:47', '成功', NULL, '0:0:0:0:0:0:0:1');
INSERT INTO `sys_login_log` VALUES (1151376121619550209, '登录日志', 1, '2019-07-17 14:20:33', '成功', NULL, '0:0:0:0:0:0:0:1');
INSERT INTO `sys_login_log` VALUES (1151376655726452738, '登录日志', 1, '2019-07-17 14:22:41', '成功', NULL, '0:0:0:0:0:0:0:1');
INSERT INTO `sys_login_log` VALUES (1151376937319403522, '登录日志', 1, '2019-07-17 14:23:48', '成功', NULL, '0:0:0:0:0:0:0:1');
INSERT INTO `sys_login_log` VALUES (1151378368889946113, '登录日志', 1, '2019-07-17 14:29:29', '成功', NULL, '0:0:0:0:0:0:0:1');
INSERT INTO `sys_login_log` VALUES (1151379002229866497, '登录日志', 1, '2019-07-17 14:32:00', '成功', NULL, '0:0:0:0:0:0:0:1');
INSERT INTO `sys_login_log` VALUES (1151379903657054210, '登录日志', 1, '2019-07-17 14:35:35', '成功', NULL, '0:0:0:0:0:0:0:1');
INSERT INTO `sys_login_log` VALUES (1151381881984430081, '登录日志', 1, '2019-07-17 14:43:27', '成功', NULL, '0:0:0:0:0:0:0:1');
INSERT INTO `sys_login_log` VALUES (1152373237162827777, '登录日志', 1, '2019-07-20 08:22:44', '成功', NULL, '0:0:0:0:0:0:0:1');
INSERT INTO `sys_login_log` VALUES (1152375863585660930, '登录日志', 1, '2019-07-20 08:33:11', '成功', NULL, '0:0:0:0:0:0:0:1');
INSERT INTO `sys_login_log` VALUES (1152388605419790338, '登录日志', 1, '2019-07-20 09:23:48', '成功', NULL, '0:0:0:0:0:0:0:1');
INSERT INTO `sys_login_log` VALUES (1152389269399085058, '登录日志', 1, '2019-07-20 09:26:27', '成功', NULL, '0:0:0:0:0:0:0:1');
INSERT INTO `sys_login_log` VALUES (1152390067507957761, '登录日志', 1, '2019-07-20 09:29:37', '成功', NULL, '0:0:0:0:0:0:0:1');
INSERT INTO `sys_login_log` VALUES (1152390850253189121, '登录日志', 1, '2019-07-20 09:32:43', '成功', NULL, '127.0.0.1');
INSERT INTO `sys_login_log` VALUES (1152391023725486081, '登录日志', 1, '2019-07-20 09:33:25', '成功', NULL, '0:0:0:0:0:0:0:1');
INSERT INTO `sys_login_log` VALUES (1152402678551191553, '登录日志', 1, '2019-07-20 10:19:44', '成功', NULL, '0:0:0:0:0:0:0:1');
INSERT INTO `sys_login_log` VALUES (1152403553843691522, '登录日志', 1, '2019-07-20 10:23:12', '成功', NULL, '0:0:0:0:0:0:0:1');
INSERT INTO `sys_login_log` VALUES (1152404136038350850, '登录日志', 1, '2019-07-20 10:25:31', '成功', NULL, '0:0:0:0:0:0:0:1');
INSERT INTO `sys_login_log` VALUES (1152404701594038274, '登录日志', 1, '2019-07-20 10:27:46', '成功', NULL, '0:0:0:0:0:0:0:1');
INSERT INTO `sys_login_log` VALUES (1152404889377222658, '登录日志', 1, '2019-07-20 10:28:31', '成功', NULL, '0:0:0:0:0:0:0:1');
INSERT INTO `sys_login_log` VALUES (1152405561573183490, '登录日志', 1, '2019-07-20 10:31:11', '成功', NULL, '0:0:0:0:0:0:0:1');
INSERT INTO `sys_login_log` VALUES (1152412942222761986, '登录日志', 1, '2019-07-20 11:00:31', '成功', NULL, '0:0:0:0:0:0:0:1');
INSERT INTO `sys_login_log` VALUES (1152414532371509250, '登录日志', 1, '2019-07-20 11:06:50', '成功', NULL, '0:0:0:0:0:0:0:1');
INSERT INTO `sys_login_log` VALUES (1152414762504585218, '登录日志', 1, '2019-07-20 11:07:45', '成功', NULL, '0:0:0:0:0:0:0:1');
INSERT INTO `sys_login_log` VALUES (1152416264744976385, '登录日志', 1, '2019-07-20 11:13:43', '成功', NULL, '0:0:0:0:0:0:0:1');
INSERT INTO `sys_login_log` VALUES (1152416593733599234, '登录日志', 1, '2019-07-20 11:15:01', '成功', NULL, '0:0:0:0:0:0:0:1');
INSERT INTO `sys_login_log` VALUES (1152417192755601409, '登录日志', 1, '2019-07-20 11:17:24', '成功', NULL, '0:0:0:0:0:0:0:1');
INSERT INTO `sys_login_log` VALUES (1152417957209448449, '登录日志', 1, '2019-07-20 11:20:27', '成功', NULL, '0:0:0:0:0:0:0:1');
INSERT INTO `sys_login_log` VALUES (1152418771093209089, '登录日志', 1, '2019-07-20 11:23:40', '成功', NULL, '0:0:0:0:0:0:0:1');
INSERT INTO `sys_login_log` VALUES (1152426639372632065, '登录日志', 1, '2019-07-20 11:54:57', '成功', NULL, '0:0:0:0:0:0:0:1');
INSERT INTO `sys_login_log` VALUES (1152429627638132738, '登录日志', 1, '2019-07-20 12:06:49', '成功', NULL, '0:0:0:0:0:0:0:1');
INSERT INTO `sys_login_log` VALUES (1152431613573898241, '登录日志', 1, '2019-07-20 12:14:42', '成功', NULL, '0:0:0:0:0:0:0:1');
INSERT INTO `sys_login_log` VALUES (1152432170472611842, '登录日志', 1, '2019-07-20 12:16:55', '成功', NULL, '0:0:0:0:0:0:0:1');
INSERT INTO `sys_login_log` VALUES (1152442674565935105, '登录日志', 1, '2019-07-20 12:58:39', '成功', NULL, '0:0:0:0:0:0:0:1');
INSERT INTO `sys_login_log` VALUES (1152444225439215617, '登录日志', 1, '2019-07-20 13:04:49', '成功', NULL, '0:0:0:0:0:0:0:1');
INSERT INTO `sys_login_log` VALUES (1152445907279622145, '登录日志', 1, '2019-07-20 13:11:30', '成功', NULL, '0:0:0:0:0:0:0:1');
INSERT INTO `sys_login_log` VALUES (1152446674250051586, '登录日志', 1, '2019-07-20 13:14:33', '成功', NULL, '0:0:0:0:0:0:0:1');
INSERT INTO `sys_login_log` VALUES (1152447806238126081, '登录日志', 1, '2019-07-20 13:19:03', '成功', NULL, '0:0:0:0:0:0:0:1');
INSERT INTO `sys_login_log` VALUES (1152452617373278209, '登录日志', 1, '2019-07-20 13:38:10', '成功', NULL, '0:0:0:0:0:0:0:1');
INSERT INTO `sys_login_log` VALUES (1152453366991851521, '登录日志', 1, '2019-07-20 13:41:09', '成功', NULL, '0:0:0:0:0:0:0:1');
INSERT INTO `sys_login_log` VALUES (1152453657208365057, '登录日志', 1, '2019-07-20 13:42:18', '成功', NULL, '0:0:0:0:0:0:0:1');
INSERT INTO `sys_login_log` VALUES (1152453785247883265, '登录日志', 1, '2019-07-20 13:42:49', '成功', NULL, '0:0:0:0:0:0:0:1');
INSERT INTO `sys_login_log` VALUES (1152454238442369025, '登录日志', 1, '2019-07-20 13:44:36', '成功', NULL, '0:0:0:0:0:0:0:1');
INSERT INTO `sys_login_log` VALUES (1152454526922477570, '登录日志', 1, '2019-07-20 13:45:45', '成功', NULL, '0:0:0:0:0:0:0:1');
INSERT INTO `sys_login_log` VALUES (1152454651434586113, '登录日志', 1, '2019-07-20 13:46:15', '成功', NULL, '0:0:0:0:0:0:0:1');
INSERT INTO `sys_login_log` VALUES (1152454977654968322, '登录日志', 1, '2019-07-20 13:47:33', '成功', NULL, '0:0:0:0:0:0:0:1');
INSERT INTO `sys_login_log` VALUES (1152455487984324610, '登录日志', 1, '2019-07-20 13:49:35', '成功', NULL, '0:0:0:0:0:0:0:1');
INSERT INTO `sys_login_log` VALUES (1152455696965521409, '登录日志', 1, '2019-07-20 13:50:24', '成功', NULL, '0:0:0:0:0:0:0:1');
INSERT INTO `sys_login_log` VALUES (1152456058527109122, '登录日志', 1, '2019-07-20 13:51:51', '成功', NULL, '0:0:0:0:0:0:0:1');
INSERT INTO `sys_login_log` VALUES (1152456620798681089, '登录日志', 1, '2019-07-20 13:54:04', '成功', NULL, '0:0:0:0:0:0:0:1');
INSERT INTO `sys_login_log` VALUES (1152460568003657729, '登录日志', 1, '2019-07-20 14:09:45', '成功', NULL, '0:0:0:0:0:0:0:1');
INSERT INTO `sys_login_log` VALUES (1152460876259835906, '登录日志', 1, '2019-07-20 14:10:59', '成功', NULL, '0:0:0:0:0:0:0:1');
INSERT INTO `sys_login_log` VALUES (1152462195230072834, '登录日志', 1, '2019-07-20 14:16:13', '成功', NULL, '0:0:0:0:0:0:0:1');
INSERT INTO `sys_login_log` VALUES (1152479611016220673, '登录日志', 1, '2019-07-20 15:25:26', '成功', NULL, '0:0:0:0:0:0:0:1');
INSERT INTO `sys_login_log` VALUES (1152480347909296129, '登录日志', 1, '2019-07-20 15:28:22', '成功', NULL, '0:0:0:0:0:0:0:1');
INSERT INTO `sys_login_log` VALUES (1152481751109476353, '登录日志', 1, '2019-07-20 15:33:56', '成功', NULL, '0:0:0:0:0:0:0:1');
INSERT INTO `sys_login_log` VALUES (1152483076324990977, '登录日志', 1, '2019-07-20 15:39:12', '成功', NULL, '0:0:0:0:0:0:0:1');
INSERT INTO `sys_login_log` VALUES (1152484289464508418, '登录日志', 1, '2019-07-20 15:44:01', '成功', NULL, '0:0:0:0:0:0:0:1');
INSERT INTO `sys_login_log` VALUES (1152485977172746242, '登录日志', 1, '2019-07-20 15:50:44', '成功', NULL, '0:0:0:0:0:0:0:1');
INSERT INTO `sys_login_log` VALUES (1152487973304934402, '登录日志', 1, '2019-07-20 15:58:40', '成功', NULL, '0:0:0:0:0:0:0:1');
INSERT INTO `sys_login_log` VALUES (1152496339335110658, '登录日志', 1, '2019-07-20 16:31:54', '成功', NULL, '0:0:0:0:0:0:0:1');
INSERT INTO `sys_login_log` VALUES (1152498510210392065, '登录日志', 1, '2019-07-20 16:40:32', '成功', NULL, '0:0:0:0:0:0:0:1');
INSERT INTO `sys_login_log` VALUES (1152506342125195265, '登录日志', 1, '2019-07-20 17:11:39', '成功', NULL, '0:0:0:0:0:0:0:1');
INSERT INTO `sys_login_log` VALUES (1152506913339068418, '登录日志', 1, '2019-07-20 17:13:55', '成功', NULL, '0:0:0:0:0:0:0:1');
INSERT INTO `sys_login_log` VALUES (1152523282185048066, '登录日志', 1, '2019-07-20 18:18:58', '成功', NULL, '0:0:0:0:0:0:0:1');
INSERT INTO `sys_login_log` VALUES (1152525469485125634, '登录日志', 1, '2019-07-20 18:27:39', '成功', NULL, '0:0:0:0:0:0:0:1');
INSERT INTO `sys_login_log` VALUES (1152533559009890305, '登录日志', 1, '2019-07-20 18:59:48', '成功', NULL, '0:0:0:0:0:0:0:1');
INSERT INTO `sys_login_log` VALUES (1152533892876488706, '登录日志', 1, '2019-07-20 19:01:08', '成功', NULL, '0:0:0:0:0:0:0:1');
INSERT INTO `sys_login_log` VALUES (1152536856613675010, '登录日志', 1, '2019-07-20 19:12:54', '成功', NULL, '0:0:0:0:0:0:0:1');
INSERT INTO `sys_login_log` VALUES (1152571773267533825, '登录日志', 1, '2019-07-20 21:31:39', '成功', NULL, '0:0:0:0:0:0:0:1');
INSERT INTO `sys_login_log` VALUES (1152576362486226945, '登录日志', 1, '2019-07-20 21:49:53', '成功', NULL, '0:0:0:0:0:0:0:1');
INSERT INTO `sys_login_log` VALUES (1152576549329887234, '登录日志', 1, '2019-07-20 21:50:38', '成功', NULL, '0:0:0:0:0:0:0:1');
INSERT INTO `sys_login_log` VALUES (1152607283407020033, '登录日志', 1, '2019-07-20 23:52:45', '成功', NULL, '0:0:0:0:0:0:0:1');
INSERT INTO `sys_login_log` VALUES (1152751375499698177, '登录日志', 1, '2019-07-21 09:25:19', '成功', NULL, '0:0:0:0:0:0:0:1');
INSERT INTO `sys_login_log` VALUES (1152753886348484609, '登录日志', 1, '2019-07-21 09:35:18', '成功', NULL, '0:0:0:0:0:0:0:1');
INSERT INTO `sys_login_log` VALUES (1152755515260968961, '登录日志', 1, '2019-07-21 09:41:47', '成功', NULL, '0:0:0:0:0:0:0:1');
INSERT INTO `sys_login_log` VALUES (1152756372572483586, '登录日志', 1, '2019-07-21 09:45:11', '成功', NULL, '0:0:0:0:0:0:0:1');
INSERT INTO `sys_login_log` VALUES (1152757013600546818, '登录日志', 1, '2019-07-21 09:47:44', '成功', NULL, '0:0:0:0:0:0:0:1');
INSERT INTO `sys_login_log` VALUES (1152761275269312513, '登录日志', 1, '2019-07-21 10:04:40', '成功', NULL, '0:0:0:0:0:0:0:1');
INSERT INTO `sys_login_log` VALUES (1152769169830244353, '登录日志', 1, '2019-07-21 10:36:02', '成功', NULL, '0:0:0:0:0:0:0:1');
INSERT INTO `sys_login_log` VALUES (1152776298205024257, '登录日志', 1, '2019-07-21 11:04:21', '成功', NULL, '0:0:0:0:0:0:0:1');
INSERT INTO `sys_login_log` VALUES (1152776476609744897, '登录日志', 1, '2019-07-21 11:05:04', '成功', NULL, '0:0:0:0:0:0:0:1');
INSERT INTO `sys_login_log` VALUES (1152778110840700929, '登录日志', 1, '2019-07-21 11:11:34', '成功', NULL, '0:0:0:0:0:0:0:1');
INSERT INTO `sys_login_log` VALUES (1152780053189328897, '登录日志', 1, '2019-07-21 11:19:17', '成功', NULL, '0:0:0:0:0:0:0:1');
INSERT INTO `sys_login_log` VALUES (1152804482254471170, '登录日志', 1, '2019-07-21 12:56:21', '成功', NULL, '0:0:0:0:0:0:0:1');
INSERT INTO `sys_login_log` VALUES (1152809914188529665, '登录日志', 1, '2019-07-21 13:17:56', '成功', NULL, '0:0:0:0:0:0:0:1');
INSERT INTO `sys_login_log` VALUES (1152870096574652418, '登录日志', 1, '2019-07-21 17:17:05', '成功', NULL, '0:0:0:0:0:0:0:1');
INSERT INTO `sys_login_log` VALUES (1152884313147084801, '登录日志', 1, '2019-07-21 18:13:34', '成功', NULL, '0:0:0:0:0:0:0:1');
INSERT INTO `sys_login_log` VALUES (1152885139567665154, '登录日志', 1, '2019-07-21 18:16:51', '成功', NULL, '0:0:0:0:0:0:0:1');
INSERT INTO `sys_login_log` VALUES (1152886949288140802, '登录日志', 1, '2019-07-21 18:24:03', '成功', NULL, '0:0:0:0:0:0:0:1');
INSERT INTO `sys_login_log` VALUES (1152887516173545473, '登录日志', 1, '2019-07-21 18:26:18', '成功', NULL, '0:0:0:0:0:0:0:1');
INSERT INTO `sys_login_log` VALUES (1152890727626240002, '登录日志', 1, '2019-07-21 18:39:03', '成功', NULL, '0:0:0:0:0:0:0:1');
INSERT INTO `sys_login_log` VALUES (1152933343776534530, '登录日志', 1, '2019-07-21 21:28:24', '成功', NULL, '0:0:0:0:0:0:0:1');
INSERT INTO `sys_login_log` VALUES (1152934174802374657, '登录日志', 1, '2019-07-21 21:31:42', '成功', NULL, '0:0:0:0:0:0:0:1');
INSERT INTO `sys_login_log` VALUES (1152937077713690626, '登录日志', 1, '2019-07-21 21:43:14', '成功', NULL, '0:0:0:0:0:0:0:1');
INSERT INTO `sys_login_log` VALUES (1152938706483568642, '登录日志', 1, '2019-07-21 21:49:43', '成功', NULL, '0:0:0:0:0:0:0:1');
INSERT INTO `sys_login_log` VALUES (1152941029117157378, '登录日志', 1, '2019-07-21 21:58:57', '成功', NULL, '0:0:0:0:0:0:0:1');
INSERT INTO `sys_login_log` VALUES (1152941489051947009, '登录日志', 1, '2019-07-21 22:00:46', '成功', NULL, '0:0:0:0:0:0:0:1');
INSERT INTO `sys_login_log` VALUES (1152942582196621314, '登录日志', 1, '2019-07-21 22:05:07', '成功', NULL, '0:0:0:0:0:0:0:1');
INSERT INTO `sys_login_log` VALUES (1152943351696216065, '登录日志', 1, '2019-07-21 22:08:10', '成功', NULL, '0:0:0:0:0:0:0:1');
INSERT INTO `sys_login_log` VALUES (1152944580799254530, '登录日志', 1, '2019-07-21 22:13:03', '成功', NULL, '0:0:0:0:0:0:0:1');
INSERT INTO `sys_login_log` VALUES (1152948958847352833, '登录日志', 1, '2019-07-21 22:30:27', '成功', NULL, '0:0:0:0:0:0:0:1');
INSERT INTO `sys_login_log` VALUES (1152950861585035265, '登录日志', 1, '2019-07-21 22:38:01', '成功', NULL, '0:0:0:0:0:0:0:1');
INSERT INTO `sys_login_log` VALUES (1152964495182675969, '登录日志', 1, '2019-07-21 23:32:11', '成功', NULL, '0:0:0:0:0:0:0:1');
INSERT INTO `sys_login_log` VALUES (1152966992374906882, '登录日志', 1, '2019-07-21 23:42:06', '成功', NULL, '0:0:0:0:0:0:0:1');
INSERT INTO `sys_login_log` VALUES (1152968136262156289, '登录日志', 1, '2019-07-21 23:46:39', '成功', NULL, '0:0:0:0:0:0:0:1');
INSERT INTO `sys_login_log` VALUES (1152971150775652354, '登录日志', 1, '2019-07-21 23:58:38', '成功', NULL, '0:0:0:0:0:0:0:1');
INSERT INTO `sys_login_log` VALUES (1152973778951659521, '登录日志', 1, '2019-07-22 00:09:05', '成功', NULL, '0:0:0:0:0:0:0:1');
INSERT INTO `sys_login_log` VALUES (1152975137570611202, '登录日志', 1, '2019-07-22 00:14:29', '成功', NULL, '0:0:0:0:0:0:0:1');
INSERT INTO `sys_login_log` VALUES (1152977128606720002, '登录日志', 1, '2019-07-22 00:22:23', '成功', NULL, '0:0:0:0:0:0:0:1');
INSERT INTO `sys_login_log` VALUES (1153106478656131074, '登录日志', 1, '2019-07-22 08:56:23', '成功', NULL, '0:0:0:0:0:0:0:1');
INSERT INTO `sys_login_log` VALUES (1153115008775774210, '登录日志', 1, '2019-07-22 09:30:16', '成功', NULL, '0:0:0:0:0:0:0:1');
INSERT INTO `sys_login_log` VALUES (1153133469396725762, '登录日志', 1, '2019-07-22 10:43:38', '成功', NULL, '0:0:0:0:0:0:0:1');
INSERT INTO `sys_login_log` VALUES (1153137030864105474, '登录日志', 1, '2019-07-22 10:57:47', '成功', NULL, '0:0:0:0:0:0:0:1');
INSERT INTO `sys_login_log` VALUES (1153137932228456449, '登录日志', 1, '2019-07-22 11:01:21', '成功', NULL, '0:0:0:0:0:0:0:1');
INSERT INTO `sys_login_log` VALUES (1153138376556191746, '登录日志', 1, '2019-07-22 11:03:08', '成功', NULL, '127.0.0.1');
INSERT INTO `sys_login_log` VALUES (1153139060739411969, '登录日志', 1, '2019-07-22 11:05:51', '成功', NULL, '0:0:0:0:0:0:0:1');
INSERT INTO `sys_login_log` VALUES (1153141952418480130, '登录日志', 1, '2019-07-22 11:17:20', '成功', NULL, '0:0:0:0:0:0:0:1');
INSERT INTO `sys_login_log` VALUES (1153144000249626625, '登录日志', 1, '2019-07-22 11:25:28', '成功', NULL, '0:0:0:0:0:0:0:1');
INSERT INTO `sys_login_log` VALUES (1153153017986519042, '登录日志', 1, '2019-07-22 12:01:18', '成功', NULL, '0:0:0:0:0:0:0:1');
INSERT INTO `sys_login_log` VALUES (1153197094673059841, '登录日志', 1, '2019-07-22 14:56:27', '成功', NULL, '0:0:0:0:0:0:0:1');
INSERT INTO `sys_login_log` VALUES (1153199674040045569, '登录日志', 1, '2019-07-22 15:06:42', '成功', NULL, '0:0:0:0:0:0:0:1');
INSERT INTO `sys_login_log` VALUES (1153208080394158082, '登录日志', 1, '2019-07-22 15:40:06', '成功', NULL, '0:0:0:0:0:0:0:1');
INSERT INTO `sys_login_log` VALUES (1153209135043473410, '登录日志', 1, '2019-07-22 15:44:18', '成功', NULL, '0:0:0:0:0:0:0:1');
INSERT INTO `sys_login_log` VALUES (1153212224827887617, '登录日志', 1, '2019-07-22 15:56:34', '成功', NULL, '0:0:0:0:0:0:0:1');
INSERT INTO `sys_login_log` VALUES (1153215015046631426, '登录日志', 1, '2019-07-22 16:07:40', '成功', NULL, '0:0:0:0:0:0:0:1');
INSERT INTO `sys_login_log` VALUES (1153215849176313857, '登录日志', 1, '2019-07-22 16:10:59', '成功', NULL, '0:0:0:0:0:0:0:1');
INSERT INTO `sys_login_log` VALUES (1153222441770758146, '登录日志', 1, '2019-07-22 16:37:11', '成功', NULL, '0:0:0:0:0:0:0:1');
INSERT INTO `sys_login_log` VALUES (1153223882560319489, '登录日志', 1, '2019-07-22 16:42:54', '成功', NULL, '0:0:0:0:0:0:0:1');
INSERT INTO `sys_login_log` VALUES (1153225884828749825, '登录日志', 1, '2019-07-22 16:50:51', '成功', NULL, '0:0:0:0:0:0:0:1');
INSERT INTO `sys_login_log` VALUES (1153226234327515137, '登录日志', 1, '2019-07-22 16:52:15', '成功', NULL, '0:0:0:0:0:0:0:1');
INSERT INTO `sys_login_log` VALUES (1153255935888637954, '登录日志', 1, '2019-07-22 18:50:16', '成功', NULL, '0:0:0:0:0:0:0:1');
INSERT INTO `sys_login_log` VALUES (1153274365723402242, '登录日志', 1, '2019-07-22 20:03:30', '成功', NULL, '0:0:0:0:0:0:0:1');
INSERT INTO `sys_login_log` VALUES (1153275376152207361, '登录日志', 1, '2019-07-22 20:07:31', '成功', NULL, '0:0:0:0:0:0:0:1');
INSERT INTO `sys_login_log` VALUES (1153276267789934593, '登录日志', 1, '2019-07-22 20:11:04', '成功', NULL, '0:0:0:0:0:0:0:1');
INSERT INTO `sys_login_log` VALUES (1153278154949910530, '登录日志', 1, '2019-07-22 20:18:34', '成功', NULL, '0:0:0:0:0:0:0:1');
INSERT INTO `sys_login_log` VALUES (1153278980556619777, '登录日志', 1, '2019-07-22 20:21:50', '成功', NULL, '0:0:0:0:0:0:0:1');
INSERT INTO `sys_login_log` VALUES (1153280685528604674, '登录日志', 1, '2019-07-22 20:28:37', '成功', NULL, '0:0:0:0:0:0:0:1');
INSERT INTO `sys_login_log` VALUES (1153282476316057601, '登录日志', 1, '2019-07-22 20:35:44', '成功', NULL, '0:0:0:0:0:0:0:1');
INSERT INTO `sys_login_log` VALUES (1153287497128685570, '登录日志', 1, '2019-07-22 20:55:41', '成功', NULL, '0:0:0:0:0:0:0:1');
INSERT INTO `sys_login_log` VALUES (1153290468881149954, '登录日志', 1, '2019-07-22 21:07:30', '成功', NULL, '0:0:0:0:0:0:0:1');
INSERT INTO `sys_login_log` VALUES (1153290849644183553, '登录日志', 1, '2019-07-22 21:09:00', '成功', NULL, '0:0:0:0:0:0:0:1');
INSERT INTO `sys_login_log` VALUES (1153295066559774722, '登录日志', 1, '2019-07-22 21:25:45', '成功', NULL, '0:0:0:0:0:0:0:1');
INSERT INTO `sys_login_log` VALUES (1153295917428842498, '登录日志', 1, '2019-07-22 21:29:08', '成功', NULL, '0:0:0:0:0:0:0:1');
INSERT INTO `sys_login_log` VALUES (1153296413925384193, '登录日志', 1, '2019-07-22 21:31:07', '成功', NULL, '0:0:0:0:0:0:0:1');
INSERT INTO `sys_login_log` VALUES (1153297036058083329, '登录日志', 1, '2019-07-22 21:33:35', '成功', NULL, '0:0:0:0:0:0:0:1');
INSERT INTO `sys_login_log` VALUES (1153298098479505410, '登录日志', 1, '2019-07-22 21:37:48', '成功', NULL, '0:0:0:0:0:0:0:1');
INSERT INTO `sys_login_log` VALUES (1153298585752698882, '登录日志', 1, '2019-07-22 21:39:44', '成功', NULL, '0:0:0:0:0:0:0:1');
INSERT INTO `sys_login_log` VALUES (1153486079240806402, '登录日志', 1, '2019-07-23 10:04:46', '成功', NULL, '0:0:0:0:0:0:0:1');
INSERT INTO `sys_login_log` VALUES (1153486662592921602, '登录日志', 1, '2019-07-23 10:07:05', '成功', NULL, '0:0:0:0:0:0:0:1');
INSERT INTO `sys_login_log` VALUES (1153487694437814274, '登录日志', 1, '2019-07-23 10:11:11', '成功', NULL, '0:0:0:0:0:0:0:1');
INSERT INTO `sys_login_log` VALUES (1153493315971190785, '登录日志', 1, '2019-07-23 10:33:32', '成功', NULL, '0:0:0:0:0:0:0:1');
INSERT INTO `sys_login_log` VALUES (1153493743546953730, '登录日志', 1, '2019-07-23 10:35:14', '成功', NULL, '0:0:0:0:0:0:0:1');
INSERT INTO `sys_login_log` VALUES (1153494170048974849, '登录日志', 1, '2019-07-23 10:36:55', '成功', NULL, '0:0:0:0:0:0:0:1');
INSERT INTO `sys_login_log` VALUES (1153501782224187393, '登录日志', 1, '2019-07-23 11:07:10', '成功', NULL, '0:0:0:0:0:0:0:1');
INSERT INTO `sys_login_log` VALUES (1153502796205547521, '登录日志', 1, '2019-07-23 11:11:12', '成功', NULL, '0:0:0:0:0:0:0:1');
INSERT INTO `sys_login_log` VALUES (1153509706120056834, '登录日志', 1, '2019-07-23 11:38:39', '成功', NULL, '0:0:0:0:0:0:0:1');
INSERT INTO `sys_login_log` VALUES (1153511191125950465, '登录日志', 1, '2019-07-23 11:44:33', '成功', NULL, '0:0:0:0:0:0:0:1');
INSERT INTO `sys_login_log` VALUES (1153516484111106049, '退出日志', 1, '2019-07-23 12:05:36', '成功', NULL, '0:0:0:0:0:0:0:1');
INSERT INTO `sys_login_log` VALUES (1153516562947244033, '登录日志', 1, '2019-07-23 12:05:55', '成功', NULL, '0:0:0:0:0:0:0:1');
INSERT INTO `sys_login_log` VALUES (1153516989298245634, '登录日志', 1153515729740365826, '2019-07-23 12:07:36', '成功', NULL, '0:0:0:0:0:0:0:1');
INSERT INTO `sys_login_log` VALUES (1153517964981522433, '登录日志', 1, '2019-07-23 12:11:29', '成功', NULL, '0:0:0:0:0:0:0:1');
INSERT INTO `sys_login_log` VALUES (1153518774528331777, '退出日志', 1, '2019-07-23 12:14:42', '成功', NULL, '0:0:0:0:0:0:0:1');
INSERT INTO `sys_login_log` VALUES (1153518786939277313, '登录日志', 1, '2019-07-23 12:14:45', '成功', NULL, '0:0:0:0:0:0:0:1');
INSERT INTO `sys_login_log` VALUES (1153518890807021569, '退出日志', 1, '2019-07-23 12:15:10', '成功', NULL, '0:0:0:0:0:0:0:1');
INSERT INTO `sys_login_log` VALUES (1153518904547561474, '登录日志', 1, '2019-07-23 12:15:13', '成功', NULL, '0:0:0:0:0:0:0:1');
INSERT INTO `sys_login_log` VALUES (1153520147407917058, '退出日志', 1, '2019-07-23 12:20:09', '成功', NULL, '0:0:0:0:0:0:0:1');
INSERT INTO `sys_login_log` VALUES (1153520152130703361, '登录日志', 1, '2019-07-23 12:20:10', '成功', NULL, '0:0:0:0:0:0:0:1');
INSERT INTO `sys_login_log` VALUES (1153520402148970498, '退出日志', 1, '2019-07-23 12:21:10', '成功', NULL, '0:0:0:0:0:0:0:1');
INSERT INTO `sys_login_log` VALUES (1153520407190523905, '登录日志', 1, '2019-07-23 12:21:11', '成功', NULL, '0:0:0:0:0:0:0:1');
INSERT INTO `sys_login_log` VALUES (1153520457274707970, '退出日志', 1, '2019-07-23 12:21:23', '成功', NULL, '0:0:0:0:0:0:0:1');
INSERT INTO `sys_login_log` VALUES (1153520495421902849, '登录失败日志', NULL, '2019-07-23 12:21:32', '成功', '账号:201606110062,账号密码错误', '0:0:0:0:0:0:0:1');
INSERT INTO `sys_login_log` VALUES (1153520542444244993, '登录日志', 1153515729740365826, '2019-07-23 12:21:43', '成功', NULL, '0:0:0:0:0:0:0:1');
INSERT INTO `sys_login_log` VALUES (1153521679780044801, '登录日志', 1153515729740365826, '2019-07-23 12:26:14', '成功', NULL, '0:0:0:0:0:0:0:1');
INSERT INTO `sys_login_log` VALUES (1153521825339170817, '登录日志', 1153515729740365826, '2019-07-23 12:26:49', '成功', NULL, '0:0:0:0:0:0:0:1');
INSERT INTO `sys_login_log` VALUES (1153521986304069633, '登录日志', 1153515729740365826, '2019-07-23 12:27:27', '成功', NULL, '0:0:0:0:0:0:0:1');
INSERT INTO `sys_login_log` VALUES (1153522132571918337, '登录日志', 1153515729740365826, '2019-07-23 12:28:02', '成功', NULL, '0:0:0:0:0:0:0:1');
INSERT INTO `sys_login_log` VALUES (1153523731411247106, '登录日志', 1153515729740365826, '2019-07-23 12:34:23', '成功', NULL, '127.0.0.1');
INSERT INTO `sys_login_log` VALUES (1153545452927328257, '登录日志', 1153515729740365826, '2019-07-23 14:00:42', '成功', NULL, '0:0:0:0:0:0:0:1');
INSERT INTO `sys_login_log` VALUES (1153553390370832385, '登录日志', 1153515729740365826, '2019-07-23 14:32:09', '成功', NULL, '0:0:0:0:0:0:0:1');
INSERT INTO `sys_login_log` VALUES (1153566577925308417, '登录日志', 1153515729740365826, '2019-07-23 15:24:39', '成功', NULL, '0:0:0:0:0:0:0:1');
INSERT INTO `sys_login_log` VALUES (1153576140061872130, '登录日志', 1153515729740365826, '2019-07-23 16:02:39', '成功', NULL, '0:0:0:0:0:0:0:1');
INSERT INTO `sys_login_log` VALUES (1153576777310801922, '登录日志', 1153515729740365826, '2019-07-23 16:05:10', '成功', NULL, '0:0:0:0:0:0:0:1');
INSERT INTO `sys_login_log` VALUES (1153578137548754945, '退出日志', 1153515729740365826, '2019-07-23 16:10:35', '成功', NULL, '0:0:0:0:0:0:0:1');
INSERT INTO `sys_login_log` VALUES (1153578157018714113, '登录日志', 1, '2019-07-23 16:10:40', '成功', NULL, '0:0:0:0:0:0:0:1');
INSERT INTO `sys_login_log` VALUES (1153585261242748930, '登录日志', 1, '2019-07-23 16:38:54', '成功', NULL, '0:0:0:0:0:0:0:1');
INSERT INTO `sys_login_log` VALUES (1153602823645040642, '登录日志', 1, '2019-07-23 17:48:41', '成功', NULL, '0:0:0:0:0:0:0:1');
INSERT INTO `sys_login_log` VALUES (1153604209589882881, '登录日志', 1, '2019-07-23 17:54:11', '成功', NULL, '0:0:0:0:0:0:0:1');
INSERT INTO `sys_login_log` VALUES (1153644229742825474, '登录日志', 1, '2019-07-23 20:33:13', '成功', NULL, '0:0:0:0:0:0:0:1');
INSERT INTO `sys_login_log` VALUES (1153646469052370946, '登录日志', 1, '2019-07-23 20:42:07', '成功', NULL, '192.168.0.104');
INSERT INTO `sys_login_log` VALUES (1153647101339504641, '登录日志', 1, '2019-07-23 20:44:37', '成功', NULL, '0:0:0:0:0:0:0:1');
INSERT INTO `sys_login_log` VALUES (1153672641597411330, '登录日志', 1, '2019-07-23 22:26:07', '成功', NULL, '192.168.0.104');
INSERT INTO `sys_login_log` VALUES (1153673446597595138, '登录日志', 1, '2019-07-23 22:29:19', '成功', NULL, '0:0:0:0:0:0:0:1');
INSERT INTO `sys_login_log` VALUES (1153688881254633473, '登录日志', 1, '2019-07-23 23:30:38', '成功', NULL, '192.168.0.104');
INSERT INTO `sys_login_log` VALUES (1153693126246797314, '登录日志', 1, '2019-07-23 23:47:31', '成功', NULL, '0:0:0:0:0:0:0:1');
INSERT INTO `sys_login_log` VALUES (1153697121816367105, '登录日志', 1, '2019-07-24 00:03:23', '成功', NULL, '0:0:0:0:0:0:0:1');
INSERT INTO `sys_login_log` VALUES (1153698008894824449, '登录日志', 1, '2019-07-24 00:06:54', '成功', NULL, '0:0:0:0:0:0:0:1');
INSERT INTO `sys_login_log` VALUES (1153702839080497153, '登录日志', 1, '2019-07-24 00:26:06', '成功', NULL, '0:0:0:0:0:0:0:1');
INSERT INTO `sys_login_log` VALUES (1153703015962664961, '登录日志', 1, '2019-07-24 00:26:48', '成功', NULL, '0:0:0:0:0:0:0:1');
INSERT INTO `sys_login_log` VALUES (1153802750442631169, '登录日志', 1, '2019-07-24 07:03:07', '成功', NULL, '0:0:0:0:0:0:0:1');
INSERT INTO `sys_login_log` VALUES (1153806089444159490, '登录日志', 1, '2019-07-24 07:16:23', '成功', NULL, '0:0:0:0:0:0:0:1');
INSERT INTO `sys_login_log` VALUES (1153806376464596994, '登录日志', 1, '2019-07-24 07:17:31', '成功', NULL, '0:0:0:0:0:0:0:1');
INSERT INTO `sys_login_log` VALUES (1153817629941612545, '登录日志', 1, '2019-07-24 08:02:15', '成功', NULL, '0:0:0:0:0:0:0:1');
INSERT INTO `sys_login_log` VALUES (1153828413807640578, '登录日志', 1, '2019-07-24 08:45:05', '成功', NULL, '0:0:0:0:0:0:0:1');
INSERT INTO `sys_login_log` VALUES (1153830699426385922, '登录日志', 1, '2019-07-24 08:54:07', '成功', NULL, '0:0:0:0:0:0:0:1');
INSERT INTO `sys_login_log` VALUES (1153831412076494849, '登录日志', 1, '2019-07-24 08:57:00', '成功', NULL, '0:0:0:0:0:0:0:1');
INSERT INTO `sys_login_log` VALUES (1153831980505243650, '登录日志', 1, '2019-07-24 08:59:10', '成功', NULL, '0:0:0:0:0:0:0:1');
INSERT INTO `sys_login_log` VALUES (1153844447193071618, '登录日志', 1, '2019-07-24 09:48:48', '成功', NULL, '0:0:0:0:0:0:0:1');
INSERT INTO `sys_login_log` VALUES (1153844807064371201, '登录日志', 1, '2019-07-24 09:50:14', '成功', NULL, '0:0:0:0:0:0:0:1');
INSERT INTO `sys_login_log` VALUES (1153845396309557250, '登录日志', 1, '2019-07-24 09:52:34', '成功', NULL, '0:0:0:0:0:0:0:1');
INSERT INTO `sys_login_log` VALUES (1153845744579395585, '登录日志', 1, '2019-07-24 09:53:58', '成功', NULL, '0:0:0:0:0:0:0:1');
INSERT INTO `sys_login_log` VALUES (1153851233719611393, '登录日志', 1, '2019-07-24 10:15:43', '成功', NULL, '0:0:0:0:0:0:0:1');
INSERT INTO `sys_login_log` VALUES (1153857974305939458, '登录日志', 1, '2019-07-24 10:42:33', '成功', NULL, '0:0:0:0:0:0:0:1');
INSERT INTO `sys_login_log` VALUES (1153859916922904578, '登录日志', 1, '2019-07-24 10:50:16', '成功', NULL, '0:0:0:0:0:0:0:1');
INSERT INTO `sys_login_log` VALUES (1153861666400653313, '登录日志', 1, '2019-07-24 10:57:13', '成功', NULL, '0:0:0:0:0:0:0:1');
INSERT INTO `sys_login_log` VALUES (1153864236175319041, '登录日志', 1, '2019-07-24 11:07:26', '成功', NULL, '0:0:0:0:0:0:0:1');
INSERT INTO `sys_login_log` VALUES (1153871069719846914, '登录日志', 1, '2019-07-24 11:34:35', '成功', NULL, '0:0:0:0:0:0:0:1');
INSERT INTO `sys_login_log` VALUES (1153881282019717122, '登录日志', 1, '2019-07-24 12:15:10', '成功', NULL, '0:0:0:0:0:0:0:1');
INSERT INTO `sys_login_log` VALUES (1153881797059231745, '登录日志', 1, '2019-07-24 12:17:09', '成功', NULL, '0:0:0:0:0:0:0:1');
INSERT INTO `sys_login_log` VALUES (1153882789196722177, '登录日志', 1, '2019-07-24 12:21:09', '成功', NULL, '0:0:0:0:0:0:0:1');
INSERT INTO `sys_login_log` VALUES (1153883094651035649, '登录日志', 1, '2019-07-24 12:22:22', '成功', NULL, '0:0:0:0:0:0:0:1');
INSERT INTO `sys_login_log` VALUES (1153885707148779522, '登录日志', 1, '2019-07-24 12:32:45', '成功', NULL, '0:0:0:0:0:0:0:1');
INSERT INTO `sys_login_log` VALUES (1153885955669671938, '登录日志', 1, '2019-07-24 12:33:44', '成功', NULL, '0:0:0:0:0:0:0:1');
INSERT INTO `sys_login_log` VALUES (1153886054730743809, '登录日志', 1, '2019-07-24 12:34:08', '成功', NULL, '0:0:0:0:0:0:0:1');
INSERT INTO `sys_login_log` VALUES (1153889234390626306, '登录日志', 1, '2019-07-24 12:46:46', '成功', NULL, '0:0:0:0:0:0:0:1');
INSERT INTO `sys_login_log` VALUES (1153889640441221122, '登录日志', 1, '2019-07-24 12:48:23', '成功', NULL, '0:0:0:0:0:0:0:1');
INSERT INTO `sys_login_log` VALUES (1153890775365320706, '登录日志', 1, '2019-07-24 12:52:53', '成功', NULL, '0:0:0:0:0:0:0:1');
INSERT INTO `sys_login_log` VALUES (1153900109776314369, '登录日志', 1, '2019-07-24 13:29:59', '成功', NULL, '0:0:0:0:0:0:0:1');
INSERT INTO `sys_login_log` VALUES (1153900582050783233, '登录日志', 1, '2019-07-24 13:31:52', '成功', NULL, '0:0:0:0:0:0:0:1');
INSERT INTO `sys_login_log` VALUES (1153901259414056961, '登录日志', 1, '2019-07-24 13:34:15', '成功', NULL, '0:0:0:0:0:0:0:1');
INSERT INTO `sys_login_log` VALUES (1153905589437362177, '登录日志', 1, '2019-07-24 13:51:45', '成功', NULL, '0:0:0:0:0:0:0:1');
INSERT INTO `sys_login_log` VALUES (1153915104316653570, '登录日志', 1, '2019-07-24 14:29:34', '成功', NULL, '0:0:0:0:0:0:0:1');
INSERT INTO `sys_login_log` VALUES (1153920017176272898, '登录日志', 1, '2019-07-24 14:49:05', '成功', NULL, '0:0:0:0:0:0:0:1');
INSERT INTO `sys_login_log` VALUES (1153921026732662786, '登录日志', 1, '2019-07-24 14:53:06', '成功', NULL, '0:0:0:0:0:0:0:1');
INSERT INTO `sys_login_log` VALUES (1153921966428770305, '登录日志', 1, '2019-07-24 14:56:50', '成功', NULL, '0:0:0:0:0:0:0:1');
INSERT INTO `sys_login_log` VALUES (1153937385315205121, '登录日志', 1, '2019-07-24 15:58:06', '成功', NULL, '0:0:0:0:0:0:0:1');
INSERT INTO `sys_login_log` VALUES (1153938741702803458, '登录日志', 1, '2019-07-24 16:03:29', '成功', NULL, '0:0:0:0:0:0:0:1');
INSERT INTO `sys_login_log` VALUES (1153939113875980290, '登录日志', 1, '2019-07-24 16:04:59', '成功', NULL, '0:0:0:0:0:0:0:1');
INSERT INTO `sys_login_log` VALUES (1153957158501597185, '登录日志', 1, '2019-07-24 17:16:41', '成功', NULL, '0:0:0:0:0:0:0:1');
INSERT INTO `sys_login_log` VALUES (1154008925251682306, '登录日志', 1, '2019-07-24 20:42:23', '成功', NULL, '0:0:0:0:0:0:0:1');
INSERT INTO `sys_login_log` VALUES (1154018447525527553, '登录日志', 1, '2019-07-24 21:20:13', '成功', NULL, '0:0:0:0:0:0:0:1');
INSERT INTO `sys_login_log` VALUES (1154022420584185857, '登录日志', 1, '2019-07-24 21:36:00', '成功', NULL, '0:0:0:0:0:0:0:1');
INSERT INTO `sys_login_log` VALUES (1154024349339074562, '登录日志', 1, '2019-07-24 21:43:40', '成功', NULL, '0:0:0:0:0:0:0:1');
INSERT INTO `sys_login_log` VALUES (1154030610461753345, '登录日志', 1, '2019-07-24 22:08:33', '成功', NULL, '0:0:0:0:0:0:0:1');
INSERT INTO `sys_login_log` VALUES (1154031337183653889, '登录日志', 1, '2019-07-24 22:11:26', '成功', NULL, '0:0:0:0:0:0:0:1');
INSERT INTO `sys_login_log` VALUES (1154032763058302978, '登录日志', 1, '2019-07-24 22:17:06', '成功', NULL, '0:0:0:0:0:0:0:1');
INSERT INTO `sys_login_log` VALUES (1154032890212823042, '登录日志', 1, '2019-07-24 22:17:37', '成功', NULL, '0:0:0:0:0:0:0:1');
INSERT INTO `sys_login_log` VALUES (1154037657135788034, '登录日志', 1, '2019-07-24 22:36:33', '成功', NULL, '0:0:0:0:0:0:0:1');
INSERT INTO `sys_login_log` VALUES (1154042519537889281, '登录日志', 1, '2019-07-24 22:55:52', '成功', NULL, '0:0:0:0:0:0:0:1');
INSERT INTO `sys_login_log` VALUES (1154042529876848642, '登录日志', 1, '2019-07-24 22:55:55', '成功', NULL, '0:0:0:0:0:0:0:1');
INSERT INTO `sys_login_log` VALUES (1154042782931820546, '登录日志', 1, '2019-07-24 22:56:55', '成功', NULL, '0:0:0:0:0:0:0:1');
INSERT INTO `sys_login_log` VALUES (1154043196792184834, '登录日志', 1, '2019-07-24 22:58:34', '成功', NULL, '0:0:0:0:0:0:0:1');
INSERT INTO `sys_login_log` VALUES (1154043869353025538, '登录日志', 1, '2019-07-24 23:01:14', '成功', NULL, '0:0:0:0:0:0:0:1');
INSERT INTO `sys_login_log` VALUES (1154056537858121729, '登录日志', 1, '2019-07-24 23:51:34', '成功', NULL, '0:0:0:0:0:0:0:1');
INSERT INTO `sys_login_log` VALUES (1154058677511004162, '登录日志', 1, '2019-07-25 00:00:04', '成功', NULL, '0:0:0:0:0:0:0:1');
INSERT INTO `sys_login_log` VALUES (1154059573015986177, '登录日志', 1, '2019-07-25 00:03:38', '成功', NULL, '0:0:0:0:0:0:0:1');
INSERT INTO `sys_login_log` VALUES (1154059815299891201, '登录日志', 1, '2019-07-25 00:04:32', '成功', NULL, '0:0:0:0:0:0:0:1');
INSERT INTO `sys_login_log` VALUES (1154061682134261762, '登录日志', 1, '2019-07-25 00:12:01', '成功', NULL, '127.0.0.1');
INSERT INTO `sys_login_log` VALUES (1154061997180989441, '登录日志', 1, '2019-07-25 00:13:16', '成功', NULL, '0:0:0:0:0:0:0:1');
INSERT INTO `sys_login_log` VALUES (1154064385845534721, '登录日志', 1, '2019-07-25 00:22:45', '成功', NULL, '0:0:0:0:0:0:0:1');
INSERT INTO `sys_login_log` VALUES (1154170756570021890, '登录日志', 1, '2019-07-25 07:25:26', '成功', NULL, '0:0:0:0:0:0:0:1');
INSERT INTO `sys_login_log` VALUES (1154176389704863745, '登录日志', 1, '2019-07-25 07:47:49', '成功', NULL, '0:0:0:0:0:0:0:1');
INSERT INTO `sys_login_log` VALUES (1154180033653264385, '登录日志', 1, '2019-07-25 08:02:18', '成功', NULL, '0:0:0:0:0:0:0:1');
INSERT INTO `sys_login_log` VALUES (1154206704271904770, '登录日志', 1, '2019-07-25 09:48:17', '成功', NULL, '0:0:0:0:0:0:0:1');
INSERT INTO `sys_login_log` VALUES (1154220163256569858, '登录日志', 1, '2019-07-25 10:41:46', '成功', NULL, '0:0:0:0:0:0:0:1');
INSERT INTO `sys_login_log` VALUES (1154220366806142978, '登录日志', 1, '2019-07-25 10:42:34', '成功', NULL, '0:0:0:0:0:0:0:1');
INSERT INTO `sys_login_log` VALUES (1154238773815431170, '登录日志', 1, '2019-07-25 11:55:43', '成功', NULL, '0:0:0:0:0:0:0:1');
INSERT INTO `sys_login_log` VALUES (1154239175709474818, '登录日志', 1, '2019-07-25 11:57:18', '成功', NULL, '0:0:0:0:0:0:0:1');
INSERT INTO `sys_login_log` VALUES (1154240128672120834, '登录日志', 1, '2019-07-25 12:01:06', '成功', NULL, '0:0:0:0:0:0:0:1');
INSERT INTO `sys_login_log` VALUES (1154241947116781569, '登录日志', 1, '2019-07-25 12:08:19', '成功', NULL, '0:0:0:0:0:0:0:1');
INSERT INTO `sys_login_log` VALUES (1154242068776763393, '登录日志', 1, '2019-07-25 12:08:49', '成功', NULL, '0:0:0:0:0:0:0:1');
INSERT INTO `sys_login_log` VALUES (1154242567479500801, '登录日志', 1, '2019-07-25 12:10:47', '成功', NULL, '0:0:0:0:0:0:0:1');
INSERT INTO `sys_login_log` VALUES (1154243731776446465, '登录日志', 1, '2019-07-25 12:15:25', '成功', NULL, '0:0:0:0:0:0:0:1');
INSERT INTO `sys_login_log` VALUES (1154244477116850177, '登录日志', 1, '2019-07-25 12:18:23', '成功', NULL, '0:0:0:0:0:0:0:1');
INSERT INTO `sys_login_log` VALUES (1154252218002677761, '登录日志', 1, '2019-07-25 12:49:08', '成功', NULL, '0:0:0:0:0:0:0:1');
INSERT INTO `sys_login_log` VALUES (1154252477541949441, '登录日志', 1, '2019-07-25 12:50:10', '成功', NULL, '0:0:0:0:0:0:0:1');
INSERT INTO `sys_login_log` VALUES (1154252545049272322, '登录日志', 1, '2019-07-25 12:50:26', '成功', NULL, '0:0:0:0:0:0:0:1');
INSERT INTO `sys_login_log` VALUES (1154271915423080450, '登录日志', 1, '2019-07-25 14:07:25', '成功', NULL, '0:0:0:0:0:0:0:1');
INSERT INTO `sys_login_log` VALUES (1154288104337657857, '登录日志', 1, '2019-07-25 15:11:44', '成功', NULL, '0:0:0:0:0:0:0:1');
INSERT INTO `sys_login_log` VALUES (1154289429284700162, '登录日志', 1, '2019-07-25 15:17:00', '成功', NULL, '0:0:0:0:0:0:0:1');
INSERT INTO `sys_login_log` VALUES (1154292118383034369, '登录日志', 1, '2019-07-25 15:27:41', '成功', NULL, '0:0:0:0:0:0:0:1');
INSERT INTO `sys_login_log` VALUES (1154292314449915905, '登录日志', 1, '2019-07-25 15:28:28', '成功', NULL, '127.0.0.1');
INSERT INTO `sys_login_log` VALUES (1154293515744718850, '登录日志', 1, '2019-07-25 15:33:15', '成功', NULL, '0:0:0:0:0:0:0:1');
INSERT INTO `sys_login_log` VALUES (1154293597504299010, '登录日志', 1, '2019-07-25 15:33:34', '成功', NULL, '0:0:0:0:0:0:0:1');
INSERT INTO `sys_login_log` VALUES (1154294139953704961, '登录日志', 1, '2019-07-25 15:35:43', '成功', NULL, '0:0:0:0:0:0:0:1');
INSERT INTO `sys_login_log` VALUES (1154296231653023745, '登录日志', 1, '2019-07-25 15:44:02', '成功', NULL, '0:0:0:0:0:0:0:1');
INSERT INTO `sys_login_log` VALUES (1154297783444860930, '登录日志', 1, '2019-07-25 15:50:12', '成功', NULL, '0:0:0:0:0:0:0:1');
INSERT INTO `sys_login_log` VALUES (1154298121002446849, '登录日志', 1, '2019-07-25 15:51:33', '成功', NULL, '0:0:0:0:0:0:0:1');
INSERT INTO `sys_login_log` VALUES (1154299591546413058, '登录日志', 1, '2019-07-25 15:57:23', '成功', NULL, '0:0:0:0:0:0:0:1');
INSERT INTO `sys_login_log` VALUES (1154300026319581185, '登录日志', 1, '2019-07-25 15:59:06', '成功', NULL, '0:0:0:0:0:0:0:1');
INSERT INTO `sys_login_log` VALUES (1154303306214977537, '登录日志', 1, '2019-07-25 16:12:09', '成功', NULL, '0:0:0:0:0:0:0:1');
INSERT INTO `sys_login_log` VALUES (1154311153153781761, '登录日志', 1, '2019-07-25 16:43:20', '成功', NULL, '0:0:0:0:0:0:0:1');
INSERT INTO `sys_login_log` VALUES (1154315482380177409, '登录日志', 1, '2019-07-25 17:00:31', '成功', NULL, '0:0:0:0:0:0:0:1');
INSERT INTO `sys_login_log` VALUES (1154358144319688706, '登录日志', 1, '2019-07-25 19:50:03', '成功', NULL, '0:0:0:0:0:0:0:1');
INSERT INTO `sys_login_log` VALUES (1154396701985935362, '登录日志', 1, '2019-07-25 22:23:16', '成功', NULL, '0:0:0:0:0:0:0:1');
INSERT INTO `sys_login_log` VALUES (1154403934459203585, '登录日志', 1, '2019-07-25 22:52:00', '成功', NULL, '0:0:0:0:0:0:0:1');
INSERT INTO `sys_login_log` VALUES (1154412496434565122, '登录日志', 1, '2019-07-25 23:26:02', '成功', NULL, '0:0:0:0:0:0:0:1');
INSERT INTO `sys_login_log` VALUES (1154414030610255874, '登录日志', 1, '2019-07-25 23:32:07', '成功', NULL, '0:0:0:0:0:0:0:1');
INSERT INTO `sys_login_log` VALUES (1154416226798161922, '登录日志', 1, '2019-07-25 23:40:51', '成功', NULL, '0:0:0:0:0:0:0:1');
INSERT INTO `sys_login_log` VALUES (1154416608265916418, '登录日志', 1, '2019-07-25 23:42:22', '成功', NULL, '0:0:0:0:0:0:0:1');
INSERT INTO `sys_login_log` VALUES (1154420355029291010, '登录日志', 1, '2019-07-25 23:57:15', '成功', NULL, '0:0:0:0:0:0:0:1');
INSERT INTO `sys_login_log` VALUES (1154532006885904385, '登录日志', 1, '2019-07-26 07:20:55', '成功', NULL, '0:0:0:0:0:0:0:1');
INSERT INTO `sys_login_log` VALUES (1154558955280769026, '登录日志', 1, '2019-07-26 09:08:00', '成功', NULL, '0:0:0:0:0:0:0:1');
INSERT INTO `sys_login_log` VALUES (1154559334588456962, '登录日志', 1, '2019-07-26 09:09:31', '成功', NULL, '0:0:0:0:0:0:0:1');
INSERT INTO `sys_login_log` VALUES (1154559630064590850, '登录日志', 1, '2019-07-26 09:10:41', '成功', NULL, '0:0:0:0:0:0:0:1');
INSERT INTO `sys_login_log` VALUES (1154570349266952193, '登录日志', 1, '2019-07-26 09:53:16', '成功', NULL, '0:0:0:0:0:0:0:1');
INSERT INTO `sys_login_log` VALUES (1154572240273047554, '登录日志', 1, '2019-07-26 10:00:47', '成功', NULL, '0:0:0:0:0:0:0:1');
INSERT INTO `sys_login_log` VALUES (1154578438313521153, '登录日志', 1, '2019-07-26 10:25:25', '成功', NULL, '0:0:0:0:0:0:0:1');
INSERT INTO `sys_login_log` VALUES (1154581418236456962, '登录日志', 1, '2019-07-26 10:37:16', '成功', NULL, '0:0:0:0:0:0:0:1');
INSERT INTO `sys_login_log` VALUES (1154585368062963714, '登录日志', 1, '2019-07-26 10:52:57', '成功', NULL, '0:0:0:0:0:0:0:1');
INSERT INTO `sys_login_log` VALUES (1154585510698659842, '登录日志', 1, '2019-07-26 10:53:32', '成功', NULL, '0:0:0:0:0:0:0:1');
INSERT INTO `sys_login_log` VALUES (1154585726915031041, '登录日志', 1, '2019-07-26 10:54:23', '成功', NULL, '0:0:0:0:0:0:0:1');
INSERT INTO `sys_login_log` VALUES (1154587229201457153, '登录日志', 1, '2019-07-26 11:00:21', '成功', NULL, '0:0:0:0:0:0:0:1');
INSERT INTO `sys_login_log` VALUES (1154595682863112193, '登录日志', 1, '2019-07-26 11:33:57', '成功', NULL, '0:0:0:0:0:0:0:1');
INSERT INTO `sys_login_log` VALUES (1154596048614739969, '登录日志', 1, '2019-07-26 11:35:24', '成功', NULL, '0:0:0:0:0:0:0:1');
INSERT INTO `sys_login_log` VALUES (1154596589847719938, '登录日志', 1, '2019-07-26 11:37:33', '成功', NULL, '0:0:0:0:0:0:0:1');
INSERT INTO `sys_login_log` VALUES (1154597919110733826, '登录日志', 1, '2019-07-26 11:42:50', '成功', NULL, '0:0:0:0:0:0:0:1');
INSERT INTO `sys_login_log` VALUES (1154598730125565953, '登录日志', 1, '2019-07-26 11:46:03', '成功', NULL, '0:0:0:0:0:0:0:1');
INSERT INTO `sys_login_log` VALUES (1154599208066609153, '登录日志', 1, '2019-07-26 11:47:57', '成功', NULL, '0:0:0:0:0:0:0:1');
INSERT INTO `sys_login_log` VALUES (1154600159741505538, '登录日志', 1, '2019-07-26 11:51:44', '成功', NULL, '0:0:0:0:0:0:0:1');
INSERT INTO `sys_login_log` VALUES (1154600981581905922, '登录日志', 1, '2019-07-26 11:55:00', '成功', NULL, '0:0:0:0:0:0:0:1');
INSERT INTO `sys_login_log` VALUES (1154601298922946562, '登录日志', 1, '2019-07-26 11:56:16', '成功', NULL, '0:0:0:0:0:0:0:1');
INSERT INTO `sys_login_log` VALUES (1154602298274496513, '登录日志', 1, '2019-07-26 12:00:14', '成功', NULL, '0:0:0:0:0:0:0:1');
INSERT INTO `sys_login_log` VALUES (1154602777691889666, '登录日志', 1, '2019-07-26 12:02:08', '成功', NULL, '0:0:0:0:0:0:0:1');
INSERT INTO `sys_login_log` VALUES (1154604479207718914, '登录日志', 1, '2019-07-26 12:08:54', '成功', NULL, '0:0:0:0:0:0:0:1');
INSERT INTO `sys_login_log` VALUES (1154605665671487490, '登录日志', 1, '2019-07-26 12:13:37', '成功', NULL, '0:0:0:0:0:0:0:1');
INSERT INTO `sys_login_log` VALUES (1154608934011559937, '登录日志', 1, '2019-07-26 12:26:36', '成功', NULL, '0:0:0:0:0:0:0:1');
INSERT INTO `sys_login_log` VALUES (1154610203145117698, '登录日志', 1, '2019-07-26 12:31:38', '成功', NULL, '0:0:0:0:0:0:0:1');
INSERT INTO `sys_login_log` VALUES (1154610415364317186, '登录日志', 1, '2019-07-26 12:32:29', '成功', NULL, '0:0:0:0:0:0:0:1');
INSERT INTO `sys_login_log` VALUES (1154624507412062209, '登录日志', 1, '2019-07-26 13:28:29', '成功', NULL, '0:0:0:0:0:0:0:1');
INSERT INTO `sys_login_log` VALUES (1154626148622143490, '登录日志', 1, '2019-07-26 13:35:00', '成功', NULL, '0:0:0:0:0:0:0:1');
INSERT INTO `sys_login_log` VALUES (1154638721618808834, '登录日志', 1, '2019-07-26 14:24:58', '成功', NULL, '0:0:0:0:0:0:0:1');
INSERT INTO `sys_login_log` VALUES (1154639122460110849, '登录日志', 1, '2019-07-26 14:26:33', '成功', NULL, '0:0:0:0:0:0:0:1');
INSERT INTO `sys_login_log` VALUES (1154639357315969025, '登录日志', 1, '2019-07-26 14:27:30', '成功', NULL, '0:0:0:0:0:0:0:1');
INSERT INTO `sys_login_log` VALUES (1154640119945277442, '登录日志', 1, '2019-07-26 14:30:31', '成功', NULL, '0:0:0:0:0:0:0:1');
INSERT INTO `sys_login_log` VALUES (1154642539140198402, '登录日志', 1, '2019-07-26 14:40:08', '成功', NULL, '0:0:0:0:0:0:0:1');
INSERT INTO `sys_login_log` VALUES (1154643703088906241, '登录日志', 1, '2019-07-26 14:44:45', '成功', NULL, '0:0:0:0:0:0:0:1');
INSERT INTO `sys_login_log` VALUES (1154646273199013889, '登录日志', 1, '2019-07-26 14:54:58', '成功', NULL, '0:0:0:0:0:0:0:1');
INSERT INTO `sys_login_log` VALUES (1154647339881766914, '登录日志', 1, '2019-07-26 14:59:13', '成功', NULL, '0:0:0:0:0:0:0:1');
INSERT INTO `sys_login_log` VALUES (1154651465051054082, '登录日志', 1, '2019-07-26 15:15:36', '成功', NULL, '0:0:0:0:0:0:0:1');
INSERT INTO `sys_login_log` VALUES (1154652150614290434, '登录日志', 1, '2019-07-26 15:18:19', '成功', NULL, '0:0:0:0:0:0:0:1');
INSERT INTO `sys_login_log` VALUES (1154653728754642946, '登录日志', 1, '2019-07-26 15:24:36', '成功', NULL, '0:0:0:0:0:0:0:1');
INSERT INTO `sys_login_log` VALUES (1154654192430866433, '登录日志', 1, '2019-07-26 15:26:26', '成功', NULL, '0:0:0:0:0:0:0:1');
INSERT INTO `sys_login_log` VALUES (1154655342240587778, '登录日志', 1, '2019-07-26 15:31:01', '成功', NULL, '0:0:0:0:0:0:0:1');
INSERT INTO `sys_login_log` VALUES (1154657785590341633, '登录日志', 1, '2019-07-26 15:40:43', '成功', NULL, '0:0:0:0:0:0:0:1');
INSERT INTO `sys_login_log` VALUES (1154658395341541378, '登录日志', 1, '2019-07-26 15:43:08', '成功', NULL, '0:0:0:0:0:0:0:1');
INSERT INTO `sys_login_log` VALUES (1154658612342165505, '登录日志', 1, '2019-07-26 15:44:00', '成功', NULL, '0:0:0:0:0:0:0:1');
INSERT INTO `sys_login_log` VALUES (1154659718703190017, '登录日志', 1, '2019-07-26 15:48:24', '成功', NULL, '0:0:0:0:0:0:0:1');
INSERT INTO `sys_login_log` VALUES (1154664988531503106, '登录日志', 1, '2019-07-26 16:09:20', '成功', NULL, '0:0:0:0:0:0:0:1');
INSERT INTO `sys_login_log` VALUES (1154665160107974657, '登录日志', 1, '2019-07-26 16:10:01', '成功', NULL, '127.0.0.1');
INSERT INTO `sys_login_log` VALUES (1154666012185051137, '登录日志', 1, '2019-07-26 16:13:24', '成功', NULL, '0:0:0:0:0:0:0:1');
INSERT INTO `sys_login_log` VALUES (1154667490442240002, '登录日志', 1, '2019-07-26 16:19:17', '成功', NULL, '0:0:0:0:0:0:0:1');
INSERT INTO `sys_login_log` VALUES (1154668231391293441, '登录日志', 1, '2019-07-26 16:22:13', '成功', NULL, '0:0:0:0:0:0:0:1');
INSERT INTO `sys_login_log` VALUES (1154668353105723393, '登录日志', 1, '2019-07-26 16:22:42', '成功', NULL, '0:0:0:0:0:0:0:1');
INSERT INTO `sys_login_log` VALUES (1154668548048613378, '登录日志', 1, '2019-07-26 16:23:29', '成功', NULL, '0:0:0:0:0:0:0:1');
INSERT INTO `sys_login_log` VALUES (1154668995387961345, '登录日志', 1, '2019-07-26 16:25:16', '成功', NULL, '0:0:0:0:0:0:0:1');
INSERT INTO `sys_login_log` VALUES (1154672360943562753, '登录日志', 1, '2019-07-26 16:38:38', '成功', NULL, '0:0:0:0:0:0:0:1');
INSERT INTO `sys_login_log` VALUES (1154672688053137410, '登录日志', 1, '2019-07-26 16:39:56', '成功', NULL, '0:0:0:0:0:0:0:1');
INSERT INTO `sys_login_log` VALUES (1154674680792125442, '登录日志', 1, '2019-07-26 16:47:51', '成功', NULL, '0:0:0:0:0:0:0:1');
INSERT INTO `sys_login_log` VALUES (1154680546463379457, '登录日志', 1, '2019-07-26 17:11:09', '成功', NULL, '0:0:0:0:0:0:0:1');
INSERT INTO `sys_login_log` VALUES (1154680922306572290, '登录日志', 1, '2019-07-26 17:12:39', '成功', NULL, '0:0:0:0:0:0:0:1');
INSERT INTO `sys_login_log` VALUES (1154681951253184513, '登录日志', 1, '2019-07-26 17:16:44', '成功', NULL, '0:0:0:0:0:0:0:1');
INSERT INTO `sys_login_log` VALUES (1154683153831469058, '登录日志', 1, '2019-07-26 17:21:31', '成功', NULL, '0:0:0:0:0:0:0:1');
INSERT INTO `sys_login_log` VALUES (1154739075605897218, '登录日志', 1, '2019-07-26 21:03:44', '成功', NULL, '0:0:0:0:0:0:0:1');
INSERT INTO `sys_login_log` VALUES (1154747012508315650, '登录日志', 1, '2019-07-26 21:35:16', '成功', NULL, '0:0:0:0:0:0:0:1');
INSERT INTO `sys_login_log` VALUES (1154752543474085890, '登录日志', 1, '2019-07-26 21:57:15', '成功', NULL, '0:0:0:0:0:0:0:1');
INSERT INTO `sys_login_log` VALUES (1154759184953143298, '登录日志', 1, '2019-07-26 22:23:39', '成功', NULL, '0:0:0:0:0:0:0:1');
INSERT INTO `sys_login_log` VALUES (1154772783826206722, '登录日志', 1, '2019-07-26 23:17:40', '成功', NULL, '0:0:0:0:0:0:0:1');
INSERT INTO `sys_login_log` VALUES (1154773476515516418, '登录日志', 1, '2019-07-26 23:20:26', '成功', NULL, '0:0:0:0:0:0:0:1');
INSERT INTO `sys_login_log` VALUES (1154773804120031234, '登录日志', 1, '2019-07-26 23:21:44', '成功', NULL, '0:0:0:0:0:0:0:1');
INSERT INTO `sys_login_log` VALUES (1154774519760560130, '登录日志', 1, '2019-07-26 23:24:35', '成功', NULL, '0:0:0:0:0:0:0:1');
INSERT INTO `sys_login_log` VALUES (1154778812349706242, '登录日志', 1, '2019-07-26 23:41:38', '成功', NULL, '0:0:0:0:0:0:0:1');
INSERT INTO `sys_login_log` VALUES (1154783840363880449, '登录日志', 1, '2019-07-27 00:01:37', '成功', NULL, '0:0:0:0:0:0:0:1');
INSERT INTO `sys_login_log` VALUES (1154784609628655617, '登录日志', 1, '2019-07-27 00:04:40', '成功', NULL, '0:0:0:0:0:0:0:1');
INSERT INTO `sys_login_log` VALUES (1154785428520333314, '登录日志', 1, '2019-07-27 00:07:55', '成功', NULL, '0:0:0:0:0:0:0:1');
INSERT INTO `sys_login_log` VALUES (1154788276742234113, '登录日志', 1, '2019-07-27 00:19:14', '成功', NULL, '0:0:0:0:0:0:0:1');
INSERT INTO `sys_login_log` VALUES (1154793306169929729, '登录日志', 1, '2019-07-27 00:39:14', '成功', NULL, '0:0:0:0:0:0:0:1');
INSERT INTO `sys_login_log` VALUES (1154793708848263169, '登录日志', 1, '2019-07-27 00:40:50', '成功', NULL, '0:0:0:0:0:0:0:1');
INSERT INTO `sys_login_log` VALUES (1154794483955531778, '登录日志', 1, '2019-07-27 00:43:54', '成功', NULL, '0:0:0:0:0:0:0:1');
INSERT INTO `sys_login_log` VALUES (1154910363465027586, '登录日志', 1, '2019-07-27 08:24:22', '成功', NULL, '0:0:0:0:0:0:0:1');
INSERT INTO `sys_login_log` VALUES (1154911122151714817, '登录日志', 1, '2019-07-27 08:27:23', '成功', NULL, '0:0:0:0:0:0:0:1');
INSERT INTO `sys_login_log` VALUES (1154911344781176833, '登录日志', 1, '2019-07-27 08:28:16', '成功', NULL, '0:0:0:0:0:0:0:1');
INSERT INTO `sys_login_log` VALUES (1154914161952583682, '登录日志', 1, '2019-07-27 08:39:28', '成功', NULL, '0:0:0:0:0:0:0:1');
INSERT INTO `sys_login_log` VALUES (1154914396879745025, '登录日志', 1, '2019-07-27 08:40:24', '成功', NULL, '0:0:0:0:0:0:0:1');
INSERT INTO `sys_login_log` VALUES (1154916053743099905, '登录日志', 1, '2019-07-27 08:46:59', '成功', NULL, '0:0:0:0:0:0:0:1');
INSERT INTO `sys_login_log` VALUES (1154927144686624770, '登录日志', 1, '2019-07-27 09:31:03', '成功', NULL, '0:0:0:0:0:0:0:1');
INSERT INTO `sys_login_log` VALUES (1154930413630693377, '登录日志', 1, '2019-07-27 09:44:03', '成功', NULL, '0:0:0:0:0:0:0:1');
INSERT INTO `sys_login_log` VALUES (1154931398667206657, '登录日志', 1, '2019-07-27 09:47:57', '成功', NULL, '0:0:0:0:0:0:0:1');
INSERT INTO `sys_login_log` VALUES (1154938131309461506, '登录日志', 1, '2019-07-27 10:14:43', '成功', NULL, '192.168.0.109');
INSERT INTO `sys_login_log` VALUES (1154943008320286721, '登录日志', 1, '2019-07-27 10:34:05', '成功', NULL, '0:0:0:0:0:0:0:1');
INSERT INTO `sys_login_log` VALUES (1154943210171224066, '登录日志', 1, '2019-07-27 10:34:53', '成功', NULL, '0:0:0:0:0:0:0:1');
INSERT INTO `sys_login_log` VALUES (1154946957635047426, '登录日志', 1, '2019-07-27 10:49:47', '成功', NULL, '192.168.0.109');
INSERT INTO `sys_login_log` VALUES (1154954536490717186, '登录日志', 1, '2019-07-27 11:19:54', '成功', NULL, '0:0:0:0:0:0:0:1');
INSERT INTO `sys_login_log` VALUES (1154954666086322177, '登录日志', 1, '2019-07-27 11:20:25', '成功', NULL, '127.0.0.1');
INSERT INTO `sys_login_log` VALUES (1154960176617406466, '登录日志', 1, '2019-07-27 11:42:19', '成功', NULL, '0:0:0:0:0:0:0:1');
INSERT INTO `sys_login_log` VALUES (1154960416527400961, '登录日志', 1, '2019-07-27 11:43:16', '成功', NULL, '0:0:0:0:0:0:0:1');
INSERT INTO `sys_login_log` VALUES (1154960575747399681, '登录日志', 1, '2019-07-27 11:43:54', '成功', NULL, '0:0:0:0:0:0:0:1');
INSERT INTO `sys_login_log` VALUES (1154960912306704385, '登录日志', 1, '2019-07-27 11:45:14', '成功', NULL, '0:0:0:0:0:0:0:1');
INSERT INTO `sys_login_log` VALUES (1154961884089266178, '登录日志', 1, '2019-07-27 11:49:06', '成功', NULL, '0:0:0:0:0:0:0:1');
INSERT INTO `sys_login_log` VALUES (1154962264701399041, '登录日志', 1, '2019-07-27 11:50:36', '成功', NULL, '0:0:0:0:0:0:0:1');
INSERT INTO `sys_login_log` VALUES (1154962505190207490, '登录日志', 1, '2019-07-27 11:51:34', '成功', NULL, '0:0:0:0:0:0:0:1');
INSERT INTO `sys_login_log` VALUES (1154965100466044930, '登录日志', 1, '2019-07-27 12:01:53', '成功', NULL, '0:0:0:0:0:0:0:1');
INSERT INTO `sys_login_log` VALUES (1154968071459409921, '登录日志', 1, '2019-07-27 12:13:41', '成功', NULL, '0:0:0:0:0:0:0:1');
INSERT INTO `sys_login_log` VALUES (1154968827264573441, '登录日志', 1, '2019-07-27 12:16:41', '成功', NULL, '0:0:0:0:0:0:0:1');
INSERT INTO `sys_login_log` VALUES (1154977131269255170, '登录日志', 1, '2019-07-27 12:49:41', '成功', NULL, '0:0:0:0:0:0:0:1');
INSERT INTO `sys_login_log` VALUES (1154977531904978945, '登录日志', 1, '2019-07-27 12:51:17', '成功', NULL, '0:0:0:0:0:0:0:1');
INSERT INTO `sys_login_log` VALUES (1154984715275530241, '登录日志', 1, '2019-07-27 13:19:49', '成功', NULL, '0:0:0:0:0:0:0:1');
INSERT INTO `sys_login_log` VALUES (1154997005458665473, '登录日志', 1, '2019-07-27 14:08:40', '成功', NULL, '0:0:0:0:0:0:0:1');
INSERT INTO `sys_login_log` VALUES (1154998083524816897, '登录日志', 1, '2019-07-27 14:12:57', '成功', NULL, '0:0:0:0:0:0:0:1');
INSERT INTO `sys_login_log` VALUES (1155006580022886401, '登录日志', 1, '2019-07-27 14:46:42', '成功', NULL, '0:0:0:0:0:0:0:1');
INSERT INTO `sys_login_log` VALUES (1155008235497910274, '登录日志', 1, '2019-07-27 14:53:17', '成功', NULL, '0:0:0:0:0:0:0:1');
INSERT INTO `sys_login_log` VALUES (1155011482619015169, '登录日志', 1, '2019-07-27 15:06:11', '成功', NULL, '0:0:0:0:0:0:0:1');
INSERT INTO `sys_login_log` VALUES (1155019465209995266, '登录日志', 1, '2019-07-27 15:37:54', '成功', NULL, '0:0:0:0:0:0:0:1');
INSERT INTO `sys_login_log` VALUES (1155020447184711682, '登录日志', 1, '2019-07-27 15:41:48', '成功', NULL, '0:0:0:0:0:0:0:1');
INSERT INTO `sys_login_log` VALUES (1155020603384786946, '登录日志', 1, '2019-07-27 15:42:26', '成功', NULL, '0:0:0:0:0:0:0:1');
INSERT INTO `sys_login_log` VALUES (1155026393655013377, '登录日志', 1, '2019-07-27 16:05:26', '成功', NULL, '0:0:0:0:0:0:0:1');
INSERT INTO `sys_login_log` VALUES (1155037220369932290, '登录日志', 1, '2019-07-27 16:48:27', '成功', NULL, '0:0:0:0:0:0:0:1');
INSERT INTO `sys_login_log` VALUES (1155039772587126786, '登录日志', 1, '2019-07-27 16:58:36', '成功', NULL, '0:0:0:0:0:0:0:1');
INSERT INTO `sys_login_log` VALUES (1155040194898968578, '登录日志', 1, '2019-07-27 17:00:16', '成功', NULL, '0:0:0:0:0:0:0:1');
INSERT INTO `sys_login_log` VALUES (1155042205694533634, '登录日志', 1, '2019-07-27 17:08:16', '成功', NULL, '0:0:0:0:0:0:0:1');
INSERT INTO `sys_login_log` VALUES (1155043413461102593, '登录日志', 1, '2019-07-27 17:13:04', '成功', NULL, '0:0:0:0:0:0:0:1');
INSERT INTO `sys_login_log` VALUES (1155043770811600897, '登录日志', 1, '2019-07-27 17:14:29', '成功', NULL, '0:0:0:0:0:0:0:1');
INSERT INTO `sys_login_log` VALUES (1155052425128775681, '登录日志', 1, '2019-07-27 17:48:52', '成功', NULL, '0:0:0:0:0:0:0:1');
INSERT INTO `sys_login_log` VALUES (1155052828994134018, '登录日志', 1, '2019-07-27 17:50:29', '成功', NULL, '0:0:0:0:0:0:0:1');
INSERT INTO `sys_login_log` VALUES (1155053334873313281, '登录日志', 1, '2019-07-27 17:52:29', '成功', NULL, '0:0:0:0:0:0:0:1');
INSERT INTO `sys_login_log` VALUES (1155055380628336641, '登录日志', 1, '2019-07-27 18:00:37', '成功', NULL, '0:0:0:0:0:0:0:1');
INSERT INTO `sys_login_log` VALUES (1155056767319699457, '登录日志', 1, '2019-07-27 18:06:08', '成功', NULL, '0:0:0:0:0:0:0:1');
INSERT INTO `sys_login_log` VALUES (1155056937721688065, '登录日志', 1, '2019-07-27 18:06:49', '成功', NULL, '0:0:0:0:0:0:0:1');
INSERT INTO `sys_login_log` VALUES (1155057440954327042, '登录日志', 1, '2019-07-27 18:08:48', '成功', NULL, '0:0:0:0:0:0:0:1');
INSERT INTO `sys_login_log` VALUES (1155059241048907777, '登录日志', 1, '2019-07-27 18:15:57', '成功', NULL, '0:0:0:0:0:0:0:1');
INSERT INTO `sys_login_log` VALUES (1155063745349685250, '登录日志', 1, '2019-07-27 18:33:51', '成功', NULL, '0:0:0:0:0:0:0:1');
INSERT INTO `sys_login_log` VALUES (1155064922145558529, '登录日志', 1, '2019-07-27 18:38:32', '成功', NULL, '0:0:0:0:0:0:0:1');
INSERT INTO `sys_login_log` VALUES (1155065402309492738, '登录日志', 1, '2019-07-27 18:40:26', '成功', NULL, '0:0:0:0:0:0:0:1');
INSERT INTO `sys_login_log` VALUES (1155067332393959425, '登录日志', 1, '2019-07-27 18:48:07', '成功', NULL, '0:0:0:0:0:0:0:1');
INSERT INTO `sys_login_log` VALUES (1155067616218443778, '登录日志', 1, '2019-07-27 18:49:14', '成功', NULL, '0:0:0:0:0:0:0:1');
INSERT INTO `sys_login_log` VALUES (1155067954493202434, '登录日志', 1, '2019-07-27 18:50:35', '成功', NULL, '127.0.0.1');
INSERT INTO `sys_login_log` VALUES (1155068837775896578, '登录日志', 1, '2019-07-27 18:54:05', '成功', NULL, '0:0:0:0:0:0:0:1');
INSERT INTO `sys_login_log` VALUES (1155085724823912449, '登录日志', 1, '2019-07-27 20:01:12', '成功', NULL, '0:0:0:0:0:0:0:1');
INSERT INTO `sys_login_log` VALUES (1155088851140673538, '登录日志', 1, '2019-07-27 20:13:37', '成功', NULL, '192.168.0.109');
INSERT INTO `sys_login_log` VALUES (1155090206160912385, '登录日志', 1, '2019-07-27 20:19:00', '成功', NULL, '0:0:0:0:0:0:0:1');
INSERT INTO `sys_login_log` VALUES (1155094111947128834, '登录日志', 1, '2019-07-27 20:34:32', '成功', NULL, '192.168.0.109');
INSERT INTO `sys_login_log` VALUES (1155109888456757250, '登录日志', 1, '2019-07-27 21:37:13', '成功', NULL, '0:0:0:0:0:0:0:1');
INSERT INTO `sys_login_log` VALUES (1155112629283397634, '登录日志', 1, '2019-07-27 21:48:06', '成功', NULL, '0:0:0:0:0:0:0:1');
INSERT INTO `sys_login_log` VALUES (1155113581302325249, '登录日志', 1, '2019-07-27 21:51:53', '成功', NULL, '192.168.0.109');
INSERT INTO `sys_login_log` VALUES (1155116782231560194, '登录日志', 1, '2019-07-27 22:04:37', '成功', NULL, '0:0:0:0:0:0:0:1');
INSERT INTO `sys_login_log` VALUES (1155121155892387842, '退出日志', 1, '2019-07-27 22:21:59', '成功', NULL, '0:0:0:0:0:0:0:1');
INSERT INTO `sys_login_log` VALUES (1155121175647559682, '登录日志', 1153515729740365826, '2019-07-27 22:22:04', '成功', NULL, '0:0:0:0:0:0:0:1');
INSERT INTO `sys_login_log` VALUES (1155121374533066753, '退出日志', 1153515729740365826, '2019-07-27 22:22:51', '成功', NULL, '0:0:0:0:0:0:0:1');
INSERT INTO `sys_login_log` VALUES (1155121400760049665, '登录日志', 1, '2019-07-27 22:22:58', '成功', NULL, '0:0:0:0:0:0:0:1');
INSERT INTO `sys_login_log` VALUES (1155122066958118913, '登录日志', 1, '2019-07-27 22:25:36', '成功', NULL, '0:0:0:0:0:0:0:1');
INSERT INTO `sys_login_log` VALUES (1155125667847847938, '登录日志', 1, '2019-07-27 22:39:55', '成功', NULL, '0:0:0:0:0:0:0:1');
INSERT INTO `sys_login_log` VALUES (1155126819855278081, '登录日志', 1, '2019-07-27 22:44:29', '成功', NULL, '0:0:0:0:0:0:0:1');
INSERT INTO `sys_login_log` VALUES (1155130886711250946, '登录日志', 1, '2019-07-27 23:00:39', '成功', NULL, '0:0:0:0:0:0:0:1');
INSERT INTO `sys_login_log` VALUES (1155131169587720193, '登录日志', 1, '2019-07-27 23:01:46', '成功', NULL, '0:0:0:0:0:0:0:1');
INSERT INTO `sys_login_log` VALUES (1155131962713817090, '登录日志', 1, '2019-07-27 23:04:55', '成功', NULL, '0:0:0:0:0:0:0:1');
INSERT INTO `sys_login_log` VALUES (1155133650400968705, '登录日志', 1, '2019-07-27 23:11:38', '成功', NULL, '0:0:0:0:0:0:0:1');
INSERT INTO `sys_login_log` VALUES (1155134107655729154, '登录日志', 1, '2019-07-27 23:13:27', '成功', NULL, '0:0:0:0:0:0:0:1');
INSERT INTO `sys_login_log` VALUES (1155135273080823809, '登录日志', 1, '2019-07-27 23:18:05', '成功', NULL, '0:0:0:0:0:0:0:1');
INSERT INTO `sys_login_log` VALUES (1155136035114557442, '登录日志', 1, '2019-07-27 23:21:07', '成功', NULL, '0:0:0:0:0:0:0:1');
INSERT INTO `sys_login_log` VALUES (1155136530919038978, '退出日志', 1, '2019-07-27 23:23:05', '成功', NULL, '0:0:0:0:0:0:0:1');
INSERT INTO `sys_login_log` VALUES (1155136535776043009, '登录日志', 1, '2019-07-27 23:23:06', '成功', NULL, '0:0:0:0:0:0:0:1');
INSERT INTO `sys_login_log` VALUES (1155257160599449601, '登录日志', 1, '2019-07-28 07:22:25', '成功', NULL, '0:0:0:0:0:0:0:1');
INSERT INTO `sys_login_log` VALUES (1155261334653313025, '登录日志', 1, '2019-07-28 07:39:00', '成功', NULL, '0:0:0:0:0:0:0:1');
INSERT INTO `sys_login_log` VALUES (1155266844622356482, '登录日志', 1, '2019-07-28 08:00:53', '成功', NULL, '0:0:0:0:0:0:0:1');
INSERT INTO `sys_login_log` VALUES (1155267088256901121, '登录日志', 1, '2019-07-28 08:01:51', '成功', NULL, '0:0:0:0:0:0:0:1');
INSERT INTO `sys_login_log` VALUES (1155270296433893378, '登录日志', 1, '2019-07-28 08:14:37', '成功', NULL, '0:0:0:0:0:0:0:1');
INSERT INTO `sys_login_log` VALUES (1155271431806816258, '登录日志', 1, '2019-07-28 08:19:07', '成功', NULL, '0:0:0:0:0:0:0:1');
INSERT INTO `sys_login_log` VALUES (1155272432047714305, '登录日志', 1, '2019-07-28 08:23:06', '成功', NULL, '0:0:0:0:0:0:0:1');
INSERT INTO `sys_login_log` VALUES (1155272819274219522, '登录日志', 1, '2019-07-28 08:24:38', '成功', NULL, '0:0:0:0:0:0:0:1');
INSERT INTO `sys_login_log` VALUES (1155273579194023938, '登录日志', 1, '2019-07-28 08:27:40', '成功', NULL, '0:0:0:0:0:0:0:1');
INSERT INTO `sys_login_log` VALUES (1155274170985123842, '登录日志', 1, '2019-07-28 08:30:01', '成功', NULL, '0:0:0:0:0:0:0:1');
INSERT INTO `sys_login_log` VALUES (1155278314588397569, '登录日志', 1, '2019-07-28 08:46:29', '成功', NULL, '0:0:0:0:0:0:0:1');
INSERT INTO `sys_login_log` VALUES (1155278494805110785, '登录日志', 1, '2019-07-28 08:47:11', '成功', NULL, '0:0:0:0:0:0:0:1');
INSERT INTO `sys_login_log` VALUES (1155278812917903361, '登录日志', 1, '2019-07-28 08:48:28', '成功', NULL, '0:0:0:0:0:0:0:1');
INSERT INTO `sys_login_log` VALUES (1155279362740727810, '登录日志', 1, '2019-07-28 08:50:38', '成功', NULL, '0:0:0:0:0:0:0:1');
INSERT INTO `sys_login_log` VALUES (1155279733970182146, '登录日志', 1, '2019-07-28 08:52:07', '成功', NULL, '0:0:0:0:0:0:0:1');
INSERT INTO `sys_login_log` VALUES (1155281720140943361, '登录日志', 1, '2019-07-28 09:00:01', '成功', NULL, '0:0:0:0:0:0:0:1');
INSERT INTO `sys_login_log` VALUES (1155282141471326209, '登录日志', 1, '2019-07-28 09:01:41', '成功', NULL, '0:0:0:0:0:0:0:1');
INSERT INTO `sys_login_log` VALUES (1155287430895616002, '登录日志', 1, '2019-07-28 09:22:42', '成功', NULL, '0:0:0:0:0:0:0:1');
INSERT INTO `sys_login_log` VALUES (1155290190709841922, '登录日志', 1, '2019-07-28 09:33:40', '成功', NULL, '0:0:0:0:0:0:0:1');
INSERT INTO `sys_login_log` VALUES (1155291918083575809, '登录日志', 1, '2019-07-28 09:40:32', '成功', NULL, '0:0:0:0:0:0:0:1');
INSERT INTO `sys_login_log` VALUES (1155297925446782978, '登录日志', 1, '2019-07-28 10:04:24', '成功', NULL, '0:0:0:0:0:0:0:1');
INSERT INTO `sys_login_log` VALUES (1155300166425661441, '登录日志', 1, '2019-07-28 10:13:19', '成功', NULL, '192.168.0.103');
INSERT INTO `sys_login_log` VALUES (1155301483130933250, '登录日志', 1, '2019-07-28 10:18:33', '成功', NULL, '0:0:0:0:0:0:0:1');
INSERT INTO `sys_login_log` VALUES (1155310570707111938, '登录日志', 1, '2019-07-28 10:54:39', '成功', NULL, '0:0:0:0:0:0:0:1');
INSERT INTO `sys_login_log` VALUES (1155311109046083586, '登录日志', 1, '2019-07-28 10:56:47', '成功', NULL, '0:0:0:0:0:0:0:1');
INSERT INTO `sys_login_log` VALUES (1155311954097676290, '退出日志', 1, '2019-07-28 11:00:09', '成功', NULL, '0:0:0:0:0:0:0:1');
INSERT INTO `sys_login_log` VALUES (1155311987073294338, '登录日志', 1153515729740365826, '2019-07-28 11:00:17', '成功', NULL, '0:0:0:0:0:0:0:1');
INSERT INTO `sys_login_log` VALUES (1155312627593846786, '退出日志', 1153515729740365826, '2019-07-28 11:02:50', '成功', NULL, '0:0:0:0:0:0:0:1');
INSERT INTO `sys_login_log` VALUES (1155312637198802946, '登录日志', 1153515729740365826, '2019-07-28 11:02:52', '成功', NULL, '0:0:0:0:0:0:0:1');
INSERT INTO `sys_login_log` VALUES (1155313131145207809, '登录日志', 1153515729740365826, '2019-07-28 11:04:50', '成功', NULL, '0:0:0:0:0:0:0:1');
INSERT INTO `sys_login_log` VALUES (1155313501082820610, '退出日志', 1153515729740365826, '2019-07-28 11:06:18', '成功', NULL, '0:0:0:0:0:0:0:1');
INSERT INTO `sys_login_log` VALUES (1155313520376619009, '登录日志', 1, '2019-07-28 11:06:23', '成功', NULL, '0:0:0:0:0:0:0:1');
INSERT INTO `sys_login_log` VALUES (1155313640803475458, '退出日志', 1, '2019-07-28 11:06:51', '成功', NULL, '0:0:0:0:0:0:0:1');
INSERT INTO `sys_login_log` VALUES (1155313661389119489, '登录日志', 1153515729740365826, '2019-07-28 11:06:56', '成功', NULL, '0:0:0:0:0:0:0:1');
INSERT INTO `sys_login_log` VALUES (1155314790072131586, '退出日志', 1153515729740365826, '2019-07-28 11:11:25', '成功', NULL, '0:0:0:0:0:0:0:1');
INSERT INTO `sys_login_log` VALUES (1155314793339494401, '登录日志', 1153515729740365826, '2019-07-28 11:11:26', '成功', NULL, '0:0:0:0:0:0:0:1');
INSERT INTO `sys_login_log` VALUES (1155314805121294337, '退出日志', 1153515729740365826, '2019-07-28 11:11:29', '成功', NULL, '0:0:0:0:0:0:0:1');
INSERT INTO `sys_login_log` VALUES (1155314815061794818, '登录日志', 1, '2019-07-28 11:11:31', '成功', NULL, '0:0:0:0:0:0:0:1');
INSERT INTO `sys_login_log` VALUES (1155315339861491713, '登录日志', 1, '2019-07-28 11:13:36', '成功', NULL, '0:0:0:0:0:0:0:1');
INSERT INTO `sys_login_log` VALUES (1155315357196550145, '退出日志', 1, '2019-07-28 11:13:41', '成功', NULL, '0:0:0:0:0:0:0:1');
INSERT INTO `sys_login_log` VALUES (1155315376247078914, '登录日志', 1153515729740365826, '2019-07-28 11:13:45', '成功', NULL, '0:0:0:0:0:0:0:1');
INSERT INTO `sys_login_log` VALUES (1155322231316836353, '登录日志', 1153515729740365826, '2019-07-28 11:40:59', '成功', NULL, '0:0:0:0:0:0:0:1');
INSERT INTO `sys_login_log` VALUES (1155322420467363841, '退出日志', 1153515729740365826, '2019-07-28 11:41:45', '成功', NULL, '0:0:0:0:0:0:0:1');
INSERT INTO `sys_login_log` VALUES (1155322432018477058, '登录日志', 1, '2019-07-28 11:41:47', '成功', NULL, '0:0:0:0:0:0:0:1');
INSERT INTO `sys_login_log` VALUES (1155322830347333634, '退出日志', 1, '2019-07-28 11:43:22', '成功', NULL, '0:0:0:0:0:0:0:1');
INSERT INTO `sys_login_log` VALUES (1155322842192048130, '登录日志', 1153515729740365826, '2019-07-28 11:43:25', '成功', NULL, '0:0:0:0:0:0:0:1');
INSERT INTO `sys_login_log` VALUES (1155323936230109185, '退出日志', 1153515729740365826, '2019-07-28 11:47:46', '成功', NULL, '0:0:0:0:0:0:0:1');
INSERT INTO `sys_login_log` VALUES (1155323948594917378, '登录日志', 1, '2019-07-28 11:47:49', '成功', NULL, '0:0:0:0:0:0:0:1');
INSERT INTO `sys_login_log` VALUES (1155324534136532994, '退出日志', 1, '2019-07-28 11:50:08', '成功', NULL, '0:0:0:0:0:0:0:1');
INSERT INTO `sys_login_log` VALUES (1155324549407993858, '登录日志', 1153515729740365826, '2019-07-28 11:50:12', '成功', NULL, '0:0:0:0:0:0:0:1');
INSERT INTO `sys_login_log` VALUES (1155325137478868994, '登录日志', 1153515729740365826, '2019-07-28 11:52:32', '成功', NULL, '0:0:0:0:0:0:0:1');
INSERT INTO `sys_login_log` VALUES (1155325609446998018, '登录日志', 1153515729740365826, '2019-07-28 11:54:25', '成功', NULL, '0:0:0:0:0:0:0:1');
INSERT INTO `sys_login_log` VALUES (1155325774622883842, '退出日志', 1153515729740365826, '2019-07-28 11:55:04', '成功', NULL, '0:0:0:0:0:0:0:1');
INSERT INTO `sys_login_log` VALUES (1155325791643369474, '登录日志', 1, '2019-07-28 11:55:08', '成功', NULL, '0:0:0:0:0:0:0:1');
INSERT INTO `sys_login_log` VALUES (1155326020723671042, '退出日志', 1, '2019-07-28 11:56:03', '成功', NULL, '0:0:0:0:0:0:0:1');
INSERT INTO `sys_login_log` VALUES (1155326078944804866, '登录日志', 1155325978646413313, '2019-07-28 11:56:17', '成功', NULL, '0:0:0:0:0:0:0:1');
INSERT INTO `sys_login_log` VALUES (1155326269185851393, '退出日志', 1155325978646413313, '2019-07-28 11:57:02', '成功', NULL, '0:0:0:0:0:0:0:1');
INSERT INTO `sys_login_log` VALUES (1155326314828267521, '登录日志', 1155325978646413313, '2019-07-28 11:57:13', '成功', NULL, '0:0:0:0:0:0:0:1');
INSERT INTO `sys_login_log` VALUES (1155326475063263233, '退出日志', 1155325978646413313, '2019-07-28 11:57:51', '成功', NULL, '0:0:0:0:0:0:0:1');
INSERT INTO `sys_login_log` VALUES (1155326508269568001, '登录日志', 1153515729740365826, '2019-07-28 11:57:59', '成功', NULL, '0:0:0:0:0:0:0:1');
INSERT INTO `sys_login_log` VALUES (1155329152098791426, '登录日志', 1153515729740365826, '2019-07-28 12:08:29', '成功', NULL, '0:0:0:0:0:0:0:1');
INSERT INTO `sys_login_log` VALUES (1155329570476421121, '退出日志', 1153515729740365826, '2019-07-28 12:10:09', '成功', NULL, '0:0:0:0:0:0:0:1');
INSERT INTO `sys_login_log` VALUES (1155329585349423105, '登录日志', 1, '2019-07-28 12:10:13', '成功', NULL, '0:0:0:0:0:0:0:1');
INSERT INTO `sys_login_log` VALUES (1155330502782119937, '退出日志', 1, '2019-07-28 12:13:52', '成功', NULL, '0:0:0:0:0:0:0:1');
INSERT INTO `sys_login_log` VALUES (1155330542795780098, '登录日志', 1153515729740365826, '2019-07-28 12:14:01', '成功', NULL, '0:0:0:0:0:0:0:1');
INSERT INTO `sys_login_log` VALUES (1155332630892367873, '登录日志', 1153515729740365826, '2019-07-28 12:22:19', '成功', NULL, '0:0:0:0:0:0:0:1');
INSERT INTO `sys_login_log` VALUES (1155333568638005250, '登录日志', 1153515729740365826, '2019-07-28 12:26:02', '成功', NULL, '0:0:0:0:0:0:0:1');
INSERT INTO `sys_login_log` VALUES (1155334954742185986, '登录日志', 1153515729740365826, '2019-07-28 12:31:33', '成功', NULL, '0:0:0:0:0:0:0:1');
INSERT INTO `sys_login_log` VALUES (1155335282573266945, '登录日志', 1153515729740365826, '2019-07-28 12:32:51', '成功', NULL, '0:0:0:0:0:0:0:1');
INSERT INTO `sys_login_log` VALUES (1155338026931478529, '登录日志', 1153515729740365826, '2019-07-28 12:43:45', '成功', NULL, '0:0:0:0:0:0:0:1');
INSERT INTO `sys_login_log` VALUES (1155338819407523841, '登录日志', 1153515729740365826, '2019-07-28 12:46:54', '成功', NULL, '0:0:0:0:0:0:0:1');
INSERT INTO `sys_login_log` VALUES (1155340476224663554, '登录日志', 1153515729740365826, '2019-07-28 12:53:29', '成功', NULL, '0:0:0:0:0:0:0:1');
INSERT INTO `sys_login_log` VALUES (1155341303039520770, '登录日志', 1153515729740365826, '2019-07-28 12:56:46', '成功', NULL, '0:0:0:0:0:0:0:1');
INSERT INTO `sys_login_log` VALUES (1155350796955668481, '登录日志', 1153515729740365826, '2019-07-28 13:34:30', '成功', NULL, '0:0:0:0:0:0:0:1');
INSERT INTO `sys_login_log` VALUES (1155351394505482241, '登录日志', 1153515729740365826, '2019-07-28 13:36:52', '成功', NULL, '0:0:0:0:0:0:0:1');
INSERT INTO `sys_login_log` VALUES (1155353013490032641, '登录日志', 1153515729740365826, '2019-07-28 13:43:18', '成功', NULL, '0:0:0:0:0:0:0:1');
INSERT INTO `sys_login_log` VALUES (1155356275882610689, '登录日志', 1153515729740365826, '2019-07-28 13:56:16', '成功', NULL, '0:0:0:0:0:0:0:1');
INSERT INTO `sys_login_log` VALUES (1155358108474691585, '登录日志', 1153515729740365826, '2019-07-28 14:03:33', '成功', NULL, '0:0:0:0:0:0:0:1');
INSERT INTO `sys_login_log` VALUES (1155359397149519873, '登录日志', 1, '2019-07-28 14:08:40', '成功', NULL, '127.0.0.1');
INSERT INTO `sys_login_log` VALUES (1155359710732406785, '登录日志', 1, '2019-07-28 14:09:55', '成功', NULL, '0:0:0:0:0:0:0:1');
INSERT INTO `sys_login_log` VALUES (1155361543521660929, '登录日志', 1, '2019-07-28 14:17:12', '成功', NULL, '127.0.0.1');
INSERT INTO `sys_login_log` VALUES (1155362358823071746, '登录日志', 1153515729740365826, '2019-07-28 14:20:26', '成功', NULL, '0:0:0:0:0:0:0:1');
INSERT INTO `sys_login_log` VALUES (1155364585348378625, '登录日志', 1153515729740365826, '2019-07-28 14:29:17', '成功', NULL, '0:0:0:0:0:0:0:1');
INSERT INTO `sys_login_log` VALUES (1155366442779127809, '登录日志', 1153515729740365826, '2019-07-28 14:36:40', '成功', NULL, '0:0:0:0:0:0:0:1');
INSERT INTO `sys_login_log` VALUES (1155368336423497730, '登录日志', 1153515729740365826, '2019-07-28 14:44:12', '成功', NULL, '0:0:0:0:0:0:0:1');
INSERT INTO `sys_login_log` VALUES (1155370675955912705, '登录日志', 1153515729740365826, '2019-07-28 14:53:29', '成功', NULL, '0:0:0:0:0:0:0:1');
INSERT INTO `sys_login_log` VALUES (1155372139210158081, '登录日志', 1153515729740365826, '2019-07-28 14:59:18', '成功', NULL, '0:0:0:0:0:0:0:1');
INSERT INTO `sys_login_log` VALUES (1155374908344184833, '登录日志', 1153515729740365826, '2019-07-28 15:10:19', '成功', NULL, '0:0:0:0:0:0:0:1');
INSERT INTO `sys_login_log` VALUES (1155376782560538625, '登录日志', 1153515729740365826, '2019-07-28 15:17:45', '成功', NULL, '0:0:0:0:0:0:0:1');
INSERT INTO `sys_login_log` VALUES (1155377500411445249, '登录日志', 1153515729740365826, '2019-07-28 15:20:36', '成功', NULL, '0:0:0:0:0:0:0:1');
INSERT INTO `sys_login_log` VALUES (1155378711168622593, '登录日志', 1153515729740365826, '2019-07-28 15:25:25', '成功', NULL, '0:0:0:0:0:0:0:1');
INSERT INTO `sys_login_log` VALUES (1155379008272101378, '登录日志', 1153515729740365826, '2019-07-28 15:26:36', '成功', NULL, '0:0:0:0:0:0:0:1');
INSERT INTO `sys_login_log` VALUES (1155379533562540034, '登录日志', 1153515729740365826, '2019-07-28 15:28:41', '成功', NULL, '0:0:0:0:0:0:0:1');
INSERT INTO `sys_login_log` VALUES (1155380162523607042, '登录日志', 1153515729740365826, '2019-07-28 15:31:11', '成功', NULL, '0:0:0:0:0:0:0:1');
INSERT INTO `sys_login_log` VALUES (1155384650160451586, '登录日志', 1153515729740365826, '2019-07-28 15:49:01', '成功', NULL, '0:0:0:0:0:0:0:1');
INSERT INTO `sys_login_log` VALUES (1155385172934275073, '登录日志', 1153515729740365826, '2019-07-28 15:51:06', '成功', NULL, '0:0:0:0:0:0:0:1');
INSERT INTO `sys_login_log` VALUES (1155388748947587074, '登录日志', 1153515729740365826, '2019-07-28 16:05:18', '成功', NULL, '0:0:0:0:0:0:0:1');
INSERT INTO `sys_login_log` VALUES (1155389385336786946, '登录日志', 1153515729740365826, '2019-07-28 16:07:50', '成功', NULL, '0:0:0:0:0:0:0:1');
INSERT INTO `sys_login_log` VALUES (1155389657370853378, '登录日志', 1153515729740365826, '2019-07-28 16:08:55', '成功', NULL, '0:0:0:0:0:0:0:1');
INSERT INTO `sys_login_log` VALUES (1155390453181366273, '登录日志', 1153515729740365826, '2019-07-28 16:12:04', '成功', NULL, '0:0:0:0:0:0:0:1');
INSERT INTO `sys_login_log` VALUES (1155393195371163650, '登录日志', 1153515729740365826, '2019-07-28 16:22:58', '成功', NULL, '0:0:0:0:0:0:0:1');
INSERT INTO `sys_login_log` VALUES (1155393967517446145, '登录日志', 1153515729740365826, '2019-07-28 16:26:02', '成功', NULL, '0:0:0:0:0:0:0:1');
INSERT INTO `sys_login_log` VALUES (1155394475246284802, '登录日志', 1153515729740365826, '2019-07-28 16:28:03', '成功', NULL, '0:0:0:0:0:0:0:1');
INSERT INTO `sys_login_log` VALUES (1155394803232534530, '登录日志', 1153515729740365826, '2019-07-28 16:29:22', '成功', NULL, '0:0:0:0:0:0:0:1');
INSERT INTO `sys_login_log` VALUES (1155395830736277506, '登录日志', 1153515729740365826, '2019-07-28 16:33:27', '成功', NULL, '0:0:0:0:0:0:0:1');
INSERT INTO `sys_login_log` VALUES (1155396321402789889, '登录日志', 1153515729740365826, '2019-07-28 16:35:24', '成功', NULL, '0:0:0:0:0:0:0:1');
INSERT INTO `sys_login_log` VALUES (1155397320762769409, '登录日志', 1153515729740365826, '2019-07-28 16:39:22', '成功', NULL, '0:0:0:0:0:0:0:1');
INSERT INTO `sys_login_log` VALUES (1155397532147339266, '登录日志', 1153515729740365826, '2019-07-28 16:40:12', '成功', NULL, '0:0:0:0:0:0:0:1');
INSERT INTO `sys_login_log` VALUES (1155397825996001281, '登录日志', 1153515729740365826, '2019-07-28 16:41:22', '成功', NULL, '0:0:0:0:0:0:0:1');
INSERT INTO `sys_login_log` VALUES (1155400216698994689, '登录日志', 1153515729740365826, '2019-07-28 16:50:52', '成功', NULL, '0:0:0:0:0:0:0:1');
INSERT INTO `sys_login_log` VALUES (1155400609424281601, '登录日志', 1153515729740365826, '2019-07-28 16:52:26', '成功', NULL, '0:0:0:0:0:0:0:1');
INSERT INTO `sys_login_log` VALUES (1155401637997580289, '登录日志', 1153515729740365826, '2019-07-28 16:56:31', '成功', NULL, '0:0:0:0:0:0:0:1');
INSERT INTO `sys_login_log` VALUES (1155401737528414210, '退出日志', 1153515729740365826, '2019-07-28 16:56:55', '成功', NULL, '0:0:0:0:0:0:0:1');
INSERT INTO `sys_login_log` VALUES (1155401749897416706, '登录日志', 1155325978646413313, '2019-07-28 16:56:58', '成功', NULL, '0:0:0:0:0:0:0:1');
INSERT INTO `sys_login_log` VALUES (1155402176521048066, '退出日志', 1155325978646413313, '2019-07-28 16:58:40', '成功', NULL, '0:0:0:0:0:0:0:1');
INSERT INTO `sys_login_log` VALUES (1155402189691162626, '登录日志', 1153515729740365826, '2019-07-28 16:58:43', '成功', NULL, '0:0:0:0:0:0:0:1');

-- ----------------------------
-- Table structure for sys_menu
-- ----------------------------
DROP TABLE IF EXISTS `sys_menu`;
CREATE TABLE `sys_menu`  (
  `menu_id` bigint(20) NOT NULL COMMENT '主键id',
  `code` varchar(255) CHARACTER SET utf8 COLLATE utf8_bin DEFAULT NULL COMMENT '菜单编号',
  `pcode` varchar(255) CHARACTER SET utf8 COLLATE utf8_bin DEFAULT NULL COMMENT '菜单父编号',
  `pcodes` varchar(255) CHARACTER SET utf8 COLLATE utf8_bin DEFAULT NULL COMMENT '当前菜单的所有父菜单编号',
  `name` varchar(255) CHARACTER SET utf8 COLLATE utf8_bin DEFAULT NULL COMMENT '菜单名称',
  `icon` varchar(255) CHARACTER SET utf8 COLLATE utf8_bin DEFAULT NULL COMMENT '菜单图标',
  `url` varchar(255) CHARACTER SET utf8 COLLATE utf8_bin DEFAULT NULL COMMENT 'url地址',
  `sort` int(65) DEFAULT NULL COMMENT '菜单排序号',
  `levels` int(65) DEFAULT NULL COMMENT '菜单层级',
  `menu_flag` varchar(32) CHARACTER SET utf8 COLLATE utf8_bin DEFAULT NULL COMMENT '是否是菜单(字典)',
  `description` varchar(255) CHARACTER SET utf8 COLLATE utf8_bin DEFAULT NULL COMMENT '备注',
  `status` varchar(32) CHARACTER SET utf8 COLLATE utf8_bin DEFAULT 'ENABLE' COMMENT '菜单状态(字典)',
  `new_page_flag` varchar(32) CHARACTER SET utf8 COLLATE utf8_bin DEFAULT NULL COMMENT '是否打开新页面的标识(字典)',
  `open_flag` varchar(32) CHARACTER SET utf8 COLLATE utf8_bin DEFAULT NULL COMMENT '是否打开(字典)',
  `create_time` datetime(0) DEFAULT NULL COMMENT '创建时间',
  `update_time` datetime(0) DEFAULT NULL COMMENT '修改时间',
  `create_user` bigint(20) DEFAULT NULL COMMENT '创建人',
  `update_user` bigint(20) DEFAULT NULL COMMENT '修改人',
  PRIMARY KEY (`menu_id`) USING BTREE
) ENGINE = InnoDB CHARACTER SET = utf8 COLLATE = utf8_bin COMMENT = '菜单表' ROW_FORMAT = Dynamic;

-- ----------------------------
-- Records of sys_menu
-- ----------------------------
INSERT INTO `sys_menu` VALUES (105, 'system', '0', '[0],', '系统管理', 'layui-icon layui-icon-set', '#', 20, 1, 'Y', NULL, 'ENABLE', NULL, '1', NULL, '2019-07-27 21:36:09', NULL, 1);
INSERT INTO `sys_menu` VALUES (106, 'mgr', 'system', '[0],[system],', '用户管理', '', '/mgr', 1, 2, 'Y', NULL, 'ENABLE', NULL, '0', NULL, '2019-07-27 21:36:10', NULL, 1);
INSERT INTO `sys_menu` VALUES (107, 'mgr_add', 'mgr', '[0],[system],[mgr],', '添加用户', NULL, '/mgr/add', 1, 3, 'N', NULL, 'ENABLE', NULL, '0', NULL, '2019-07-27 21:36:10', NULL, 1);
INSERT INTO `sys_menu` VALUES (108, 'mgr_edit', 'mgr', '[0],[system],[mgr],', '修改用户', NULL, '/mgr/edit', 2, 3, 'N', NULL, 'ENABLE', NULL, '0', NULL, '2019-07-27 21:36:10', NULL, 1);
INSERT INTO `sys_menu` VALUES (109, 'mgr_delete', 'mgr', '[0],[system],[mgr],', '删除用户', NULL, '/mgr/delete', 3, 3, 'N', NULL, 'ENABLE', NULL, '0', NULL, '2019-07-27 21:36:10', NULL, 1);
INSERT INTO `sys_menu` VALUES (110, 'mgr_reset', 'mgr', '[0],[system],[mgr],', '重置密码', NULL, '/mgr/reset', 4, 3, 'N', NULL, 'ENABLE', NULL, '0', NULL, '2019-07-27 21:36:10', NULL, 1);
INSERT INTO `sys_menu` VALUES (111, 'mgr_freeze', 'mgr', '[0],[system],[mgr],', '冻结用户', NULL, '/mgr/freeze', 5, 3, 'N', NULL, 'ENABLE', NULL, '0', NULL, '2019-07-27 21:36:10', NULL, 1);
INSERT INTO `sys_menu` VALUES (112, 'mgr_unfreeze', 'mgr', '[0],[system],[mgr],', '解除冻结用户', NULL, '/mgr/unfreeze', 6, 3, 'N', NULL, 'ENABLE', NULL, '0', NULL, '2019-07-27 21:36:11', NULL, 1);
INSERT INTO `sys_menu` VALUES (113, 'mgr_setRole', 'mgr', '[0],[system],[mgr],', '分配角色', NULL, '/mgr/setRole', 7, 3, 'N', NULL, 'ENABLE', NULL, '0', NULL, '2019-07-27 21:36:11', NULL, 1);
INSERT INTO `sys_menu` VALUES (114, 'role', 'system', '[0],[system],', '角色管理', NULL, '/role', 2, 2, 'Y', NULL, 'ENABLE', NULL, '0', NULL, '2019-07-27 21:36:11', NULL, 1);
INSERT INTO `sys_menu` VALUES (115, 'role_add', 'role', '[0],[system],[role],', '添加角色', NULL, '/role/add', 1, 3, 'N', NULL, 'ENABLE', NULL, '0', NULL, '2019-07-27 21:36:11', NULL, 1);
INSERT INTO `sys_menu` VALUES (116, 'role_edit', 'role', '[0],[system],[role],', '修改角色', NULL, '/role/edit', 2, 3, 'N', NULL, 'ENABLE', NULL, '0', NULL, '2019-07-27 21:36:11', NULL, 1);
INSERT INTO `sys_menu` VALUES (117, 'role_remove', 'role', '[0],[system],[role],', '删除角色', NULL, '/role/remove', 3, 3, 'N', NULL, 'ENABLE', NULL, '0', NULL, '2019-07-27 21:36:11', NULL, 1);
INSERT INTO `sys_menu` VALUES (118, 'role_setAuthority', 'role', '[0],[system],[role],', '配置权限', NULL, '/role/setAuthority', 4, 3, 'N', NULL, 'ENABLE', NULL, '0', NULL, '2019-07-27 21:36:11', NULL, 1);
INSERT INTO `sys_menu` VALUES (119, 'menu', 'system', '[0],[system],', '菜单管理', NULL, '/menu', 4, 2, 'Y', NULL, 'ENABLE', NULL, '0', NULL, '2019-07-27 21:36:12', NULL, 1);
INSERT INTO `sys_menu` VALUES (120, 'menu_add', 'menu', '[0],[system],[menu],', '添加菜单', NULL, '/menu/add', 1, 3, 'N', NULL, 'ENABLE', NULL, '0', NULL, '2019-07-27 21:36:12', NULL, 1);
INSERT INTO `sys_menu` VALUES (121, 'menu_edit', 'menu', '[0],[system],[menu],', '修改菜单', NULL, '/menu/edit', 2, 3, 'N', NULL, 'ENABLE', NULL, '0', NULL, '2019-07-27 21:36:12', NULL, 1);
INSERT INTO `sys_menu` VALUES (122, 'menu_remove', 'menu', '[0],[system],[menu],', '删除菜单', NULL, '/menu/remove', 3, 3, 'N', NULL, 'ENABLE', NULL, '0', NULL, '2019-07-27 21:36:12', NULL, 1);
INSERT INTO `sys_menu` VALUES (128, 'log', 'system', '[0],[system],', '业务日志', NULL, '/log', 6, 2, 'Y', NULL, 'ENABLE', NULL, '0', NULL, '2019-07-27 21:36:12', NULL, 1);
INSERT INTO `sys_menu` VALUES (130, 'druid', 'system', '[0],[system],', '监控管理', NULL, '/druid', 7, 2, 'Y', NULL, 'ENABLE', NULL, NULL, NULL, '2019-07-27 21:36:12', NULL, 1);
INSERT INTO `sys_menu` VALUES (131, 'dept', 'system', '[0],[system],', '部门管理', NULL, '/dept', 3, 2, 'Y', NULL, 'ENABLE', NULL, NULL, NULL, '2019-07-27 21:36:13', NULL, 1);
INSERT INTO `sys_menu` VALUES (132, 'dict', 'system', '[0],[system],', '字典管理', '', '/dictType', 4, 2, 'Y', NULL, 'ENABLE', NULL, NULL, NULL, '2019-07-27 21:36:13', NULL, 1);
INSERT INTO `sys_menu` VALUES (133, 'loginLog', 'system', '[0],[system],', '登录日志', NULL, '/loginLog', 6, 2, 'Y', NULL, 'ENABLE', NULL, NULL, NULL, '2019-07-27 21:36:13', NULL, 1);
INSERT INTO `sys_menu` VALUES (134, 'log_clean', 'log', '[0],[system],[log],', '清空日志', NULL, '/log/delLog', 3, 3, 'N', NULL, 'ENABLE', NULL, NULL, NULL, '2019-07-27 21:36:13', NULL, 1);
INSERT INTO `sys_menu` VALUES (135, 'dept_add', 'dept', '[0],[system],[dept],', '添加部门', NULL, '/dept/add', 1, 3, 'N', NULL, 'ENABLE', NULL, NULL, NULL, '2019-07-27 21:36:13', NULL, 1);
INSERT INTO `sys_menu` VALUES (136, 'dept_update', 'dept', '[0],[system],[dept],', '修改部门', NULL, '/dept/update', 1, 3, 'N', NULL, 'ENABLE', NULL, NULL, NULL, '2019-07-27 21:36:13', NULL, 1);
INSERT INTO `sys_menu` VALUES (137, 'dept_delete', 'dept', '[0],[system],[dept],', '删除部门', NULL, '/dept/delete', 1, 3, 'N', NULL, 'ENABLE', NULL, NULL, NULL, '2019-07-27 21:36:13', NULL, 1);
INSERT INTO `sys_menu` VALUES (138, 'dict_add', 'dict', '[0],[system],[dict],', '添加字典', NULL, '/dictType/addItem', 1, 3, 'N', NULL, 'ENABLE', NULL, NULL, NULL, '2019-07-27 21:36:13', NULL, 1);
INSERT INTO `sys_menu` VALUES (139, 'dict_update', 'dict', '[0],[system],[dict],', '修改字典', NULL, '/dictType/editItem', 1, 3, 'N', NULL, 'ENABLE', NULL, NULL, NULL, '2019-07-27 21:36:13', NULL, 1);
INSERT INTO `sys_menu` VALUES (140, 'dict_delete', 'dict', '[0],[system],[dict],', '删除字典', NULL, '/dictType/delete', 1, 3, 'N', NULL, 'ENABLE', NULL, NULL, NULL, '2019-07-27 21:36:13', NULL, 1);
INSERT INTO `sys_menu` VALUES (141, 'notice', 'system', '[0],[system],', '通知管理', NULL, '/notice', 9, 2, 'Y', NULL, 'ENABLE', NULL, NULL, NULL, '2019-07-27 21:36:14', NULL, 1);
INSERT INTO `sys_menu` VALUES (142, 'notice_add', 'notice', '[0],[system],[notice],', '添加通知', NULL, '/notice/add', 1, 3, 'N', NULL, 'ENABLE', NULL, NULL, NULL, '2019-07-27 21:36:14', NULL, 1);
INSERT INTO `sys_menu` VALUES (143, 'notice_update', 'notice', '[0],[system],[notice],', '修改通知', NULL, '/notice/update', 2, 3, 'N', NULL, 'ENABLE', NULL, NULL, NULL, '2019-07-27 21:36:14', NULL, 1);
INSERT INTO `sys_menu` VALUES (144, 'notice_delete', 'notice', '[0],[system],[notice],', '删除通知', NULL, '/notice/delete', 3, 3, 'N', NULL, 'ENABLE', NULL, NULL, NULL, '2019-07-27 21:36:14', NULL, 1);
INSERT INTO `sys_menu` VALUES (145, 'sys_message', 'dashboard', '[0],[dashboard],', '消息通知', 'layui-icon layui-icon-tips', '/system/notice', 30, 2, 'Y', NULL, 'ENABLE', NULL, NULL, NULL, '2019-07-27 21:36:15', NULL, 1);
INSERT INTO `sys_menu` VALUES (149, 'api_mgr', 'dev_tools', '[0],[dev_tools],', '接口文档', 'fa-leaf', '/swagger-ui.html', 2, 2, 'Y', NULL, 'ENABLE', NULL, NULL, NULL, '2019-07-27 21:36:15', NULL, 1);
INSERT INTO `sys_menu` VALUES (150, 'to_menu_edit', 'menu', '[0],[system],[menu],', '菜单编辑跳转', '', '/menu/menu_edit', 4, 3, 'N', NULL, 'ENABLE', NULL, NULL, NULL, '2019-07-27 21:36:15', NULL, 1);
INSERT INTO `sys_menu` VALUES (151, 'menu_list', 'menu', '[0],[system],[menu],', '菜单列表', '', '/menu/list', 5, 3, 'N', NULL, 'ENABLE', NULL, NULL, NULL, '2019-07-27 21:36:15', NULL, 1);
INSERT INTO `sys_menu` VALUES (152, 'to_dept_update', 'dept', '[0],[system],[dept],', '修改部门跳转', '', '/dept/dept_update', 4, 3, 'N', NULL, 'ENABLE', NULL, NULL, NULL, '2019-07-27 21:36:15', NULL, 1);
INSERT INTO `sys_menu` VALUES (153, 'dept_list', 'dept', '[0],[system],[dept],', '部门列表', '', '/dept/list', 5, 3, 'N', NULL, 'ENABLE', NULL, NULL, NULL, '2019-07-27 21:36:15', NULL, 1);
INSERT INTO `sys_menu` VALUES (154, 'dept_detail', 'dept', '[0],[system],[dept],', '部门详情', '', '/dept/detail', 6, 3, 'N', NULL, 'ENABLE', NULL, NULL, NULL, '2019-07-27 21:36:15', NULL, 1);
INSERT INTO `sys_menu` VALUES (155, 'to_dict_edit', 'dict', '[0],[system],[dict],', '修改菜单跳转', '', '/dict/dict_edit', 4, 3, 'N', NULL, 'ENABLE', NULL, NULL, NULL, '2019-07-27 21:36:15', NULL, 1);
INSERT INTO `sys_menu` VALUES (156, 'dict_list', 'dict', '[0],[system],[dict],', '字典列表', '', '/dict/list', 5, 3, 'N', NULL, 'ENABLE', NULL, NULL, NULL, '2019-07-27 21:36:15', NULL, 1);
INSERT INTO `sys_menu` VALUES (157, 'dict_detail', 'dict', '[0],[system],[dict],', '字典详情', '', '/dict/detail', 6, 3, 'N', NULL, 'ENABLE', NULL, NULL, NULL, '2019-07-27 21:36:15', NULL, 1);
INSERT INTO `sys_menu` VALUES (158, 'log_list', 'log', '[0],[system],[log],', '日志列表', '', '/log/list', 2, 3, 'N', NULL, 'ENABLE', NULL, NULL, NULL, '2019-07-27 21:36:16', NULL, 1);
INSERT INTO `sys_menu` VALUES (159, 'log_detail', 'log', '[0],[system],[log],', '日志详情', '', '/log/detail', 3, 3, 'N', NULL, 'ENABLE', NULL, NULL, NULL, '2019-07-27 21:36:16', NULL, 1);
INSERT INTO `sys_menu` VALUES (160, 'del_login_log', 'loginLog', '[0],[system],[loginLog],', '清空登录日志', '', '/loginLog/delLoginLog', 1, 3, 'N', NULL, 'ENABLE', NULL, NULL, NULL, '2019-07-27 21:36:16', NULL, 1);
INSERT INTO `sys_menu` VALUES (161, 'login_log_list', 'loginLog', '[0],[system],[loginLog],', '登录日志列表', '', '/loginLog/list', 2, 3, 'N', NULL, 'ENABLE', NULL, NULL, NULL, '2019-07-27 21:36:16', NULL, 1);
INSERT INTO `sys_menu` VALUES (162, 'to_role_edit', 'role', '[0],[system],[role],', '修改角色跳转', '', '/role/role_edit', 5, 3, 'N', NULL, 'ENABLE', NULL, NULL, NULL, '2019-07-27 21:36:16', NULL, 1);
INSERT INTO `sys_menu` VALUES (163, 'to_role_assign', 'role', '[0],[system],[role],', '角色分配跳转', '', '/role/role_assign', 6, 3, 'N', NULL, 'ENABLE', NULL, NULL, NULL, '2019-07-27 21:36:16', NULL, 1);
INSERT INTO `sys_menu` VALUES (164, 'role_list', 'role', '[0],[system],[role],', '角色列表', '', '/role/list', 7, 3, 'N', NULL, 'ENABLE', NULL, NULL, NULL, '2019-07-27 21:36:16', NULL, 1);
INSERT INTO `sys_menu` VALUES (165, 'to_assign_role', 'mgr', '[0],[system],[mgr],', '分配角色跳转', '', '/mgr/role_assign', 8, 3, 'N', NULL, 'ENABLE', NULL, NULL, NULL, '2019-07-27 21:36:16', NULL, 1);
INSERT INTO `sys_menu` VALUES (166, 'to_user_edit', 'mgr', '[0],[system],[mgr],', '编辑用户跳转', '', '/mgr/user_edit', 9, 3, 'N', NULL, 'ENABLE', NULL, NULL, NULL, '2019-07-27 21:36:16', NULL, 1);
INSERT INTO `sys_menu` VALUES (167, 'mgr_list', 'mgr', '[0],[system],[mgr],', '用户列表', '', '/mgr/list', 10, 3, 'N', NULL, 'ENABLE', NULL, NULL, NULL, '2019-07-27 21:36:16', NULL, 1);
INSERT INTO `sys_menu` VALUES (171, 'dev_tools', '0', '[0],', 'API管理', 'layui-icon layui-icon-code-circle', '#', 30, 1, 'Y', NULL, 'ENABLE', NULL, NULL, NULL, '2019-07-27 21:36:17', NULL, 1);
INSERT INTO `sys_menu` VALUES (172, 'dashboard', '0', '[0],', '主控面板', 'layui-icon layui-icon-home', '#', 10, 1, 'Y', NULL, 'ENABLE', NULL, NULL, NULL, '2019-07-27 21:36:17', NULL, 1);
INSERT INTO `sys_menu` VALUES (1110777136265838594, 'demos_show', '0', '[0],', '模板页面', 'layui-icon layui-icon-template', '#', 40, 1, 'Y', NULL, 'ENABLE', NULL, NULL, '2019-03-27 13:34:41', '2019-07-27 21:36:17', 1, 1);
INSERT INTO `sys_menu` VALUES (1110777366856089602, 'excel_import', 'demos_show', '[0],[demos_show],', 'excel导入', '', '/excel/import', 10, 2, 'Y', NULL, 'ENABLE', NULL, NULL, '2019-03-27 13:35:36', '2019-07-27 21:36:17', 1, 1);
INSERT INTO `sys_menu` VALUES (1110777491464667137, 'excel_export', 'demos_show', '[0],[demos_show],', 'excel导出', '', '/excel/export', 20, 2, 'Y', NULL, 'ENABLE', NULL, NULL, '2019-03-27 13:36:06', '2019-07-27 21:36:17', 1, 1);
INSERT INTO `sys_menu` VALUES (1110787391943098370, 'advanced_form', 'demos_show', '[0],[demos_show],', '高级表单', '', '/egForm', 30, 2, 'Y', NULL, 'ENABLE', NULL, NULL, '2019-03-27 14:15:26', '2019-07-27 21:36:17', 1, 1);
INSERT INTO `sys_menu` VALUES (1110839216310329346, 'pdf_view', 'demos_show', '[0],[demos_show],', '文档预览', '', '/loadPdfFile', 40, 2, 'Y', NULL, 'ENABLE', NULL, NULL, '2019-03-27 17:41:22', '2019-07-27 21:36:17', 1, 1);
INSERT INTO `sys_menu` VALUES (1111545968697860098, 'console', 'dashboard', '[0],[dashboard],', '项目介绍', '', '/system/console', 10, 2, 'Y', NULL, 'ENABLE', NULL, NULL, '2019-03-29 16:29:45', '2019-07-27 21:36:17', 1, 1);
INSERT INTO `sys_menu` VALUES (1111546189892870145, 'console2', 'dashboard', '[0],[dashboard],', '统计报表', '', '/system/console2', 20, 2, 'Y', NULL, 'ENABLE', NULL, NULL, '2019-03-29 16:30:38', '2019-07-27 21:36:17', 1, 1);
INSERT INTO `sys_menu` VALUES (1149190344059990018, 'BUILDING', '123', '[0],[123],', '城区信息', 'fa-star', '/building', 2, 2, 'Y', '', 'ENABLE', '', '', '2019-07-11 13:35:03', '2019-07-28 11:50:03', 1, 1);
INSERT INTO `sys_menu` VALUES (1149190344059990019, 'BUILDING_ADD', 'BUILDING', '[0],[123],[BUILDING],', '城区添加', 'fa-star', '', 999, 3, 'N', '', 'ENABLE', '', '', '2019-07-11 13:35:03', '2019-07-28 11:50:03', 1, 1);
INSERT INTO `sys_menu` VALUES (1149190344059990020, 'BUILDING_EDIT', 'BUILDING', '[0],[123],[BUILDING],', '城区修改', 'fa-star', '', 999, 3, 'N', '', 'ENABLE', '', '', '2019-07-11 13:35:03', '2019-07-28 11:50:03', 1, 1);
INSERT INTO `sys_menu` VALUES (1149190344059990021, 'BUILDING_DELETE', 'BUILDING', '[0],[123],[BUILDING],', '城区删除', 'fa-star', '', 999, 3, 'N', '', 'ENABLE', '', '', '2019-07-11 13:35:03', '2019-07-28 11:50:03', 1, 1);
INSERT INTO `sys_menu` VALUES (1149311187326967809, 'CITY', '123', '[0],[123],', '城市', 'fa-star', '/city', 999, 2, 'Y', '', 'ENABLE', '', '', '2019-07-11 21:35:14', '2019-07-27 21:36:18', 1, 1);
INSERT INTO `sys_menu` VALUES (1149311187326967810, 'CITY_ADD', 'CITY', '[0],[123],[CITY],', '城市添加', 'fa-star', '', 999, 3, 'N', '', 'ENABLE', '', '', '2019-07-11 21:35:14', '2019-07-27 21:36:18', 1, 1);
INSERT INTO `sys_menu` VALUES (1149311187326967811, 'CITY_EDIT', 'CITY', '[0],[123],[CITY],', '城市修改', 'fa-star', '', 999, 3, 'N', '', 'ENABLE', '', '', '2019-07-11 21:35:14', '2019-07-27 21:36:18', 1, 1);
INSERT INTO `sys_menu` VALUES (1149311187326967812, 'CITY_DELETE', 'CITY', '[0],[123],[CITY],', '城市删除', 'fa-star', '', 999, 3, 'N', '', 'ENABLE', '', '', '2019-07-11 21:35:14', '2019-07-27 21:36:18', 1, 1);
INSERT INTO `sys_menu` VALUES (1149324147281731586, 'BUILDING_BLOCK', '123', '[0],[123],', '楼盘信息', 'fa-star', '/buildingBlock', 3, 2, 'Y', '', 'ENABLE', '', '', '2019-07-11 22:26:44', '2019-07-28 11:49:06', 1, 1);
INSERT INTO `sys_menu` VALUES (1149324147281731587, 'BUILDING_BLOCK_ADD', 'BUILDING_BLOCK', '[0],[123],[BUILDING_BLOCK],', '楼盘添加', 'fa-star', '', 999, 3, 'N', '', 'ENABLE', '', '', '2019-07-11 22:26:44', '2019-07-28 11:49:06', 1, 1);
INSERT INTO `sys_menu` VALUES (1149324147281731588, 'BUILDING_BLOCK_EDIT', 'BUILDING_BLOCK', '[0],[123],[BUILDING_BLOCK],', '楼盘修改', 'fa-star', '', 999, 3, 'N', '', 'ENABLE', '', '', '2019-07-11 22:26:44', '2019-07-28 11:49:06', 1, 1);
INSERT INTO `sys_menu` VALUES (1149324147281731589, 'BUILDING_BLOCK_DELETE', 'BUILDING_BLOCK', '[0],[123],[BUILDING_BLOCK],', '楼盘删除', 'fa-star', '', 999, 3, 'N', '', 'ENABLE', '', '', '2019-07-11 22:26:44', '2019-07-28 11:49:06', 1, 1);
INSERT INTO `sys_menu` VALUES (1149324147382394881, 'HOUSE_RESOURCE', '123', '[0],[123],', '房源信息', 'fa-star', '/houseResource/master', 1, 2, 'Y', '', 'ENABLE', '', '', '2019-07-11 22:26:44', '2019-07-27 23:22:20', 1, 1);
INSERT INTO `sys_menu` VALUES (1149324147382394882, 'HOUSE_RESOURCE_ADD', 'HOUSE_RESOURCE', '[0],[123],[HOUSE_RESOURCE],', '房源信息添加', 'fa-star', '', 999, 3, 'N', '', 'ENABLE', '', '', '2019-07-11 22:26:44', '2019-07-27 23:22:20', 1, 1);
INSERT INTO `sys_menu` VALUES (1149324147382394883, 'HOUSE_RESOURCE_EDIT', 'HOUSE_RESOURCE', '[0],[123],[HOUSE_RESOURCE],', '房源信息修改', 'fa-star', '', 999, 3, 'N', '', 'ENABLE', '', '', '2019-07-11 22:26:44', '2019-07-27 23:22:20', 1, 1);
INSERT INTO `sys_menu` VALUES (1149324147382394884, 'HOUSE_RESOURCE_DELETE', 'HOUSE_RESOURCE', '[0],[123],[HOUSE_RESOURCE],', '房源信息删除', 'fa-star', '', 999, 3, 'N', '', 'ENABLE', '', '', '2019-07-11 22:26:44', '2019-07-27 23:22:20', 1, 1);
INSERT INTO `sys_menu` VALUES (1149324147449503746, 'VIEW', '123', '[0],[123],', '视图', 'fa-star', '/view', 999, 2, 'Y', '', 'ENABLE', '', '', '2019-07-11 22:26:44', '2019-07-27 21:36:19', 1, 1);
INSERT INTO `sys_menu` VALUES (1149324147449503747, 'VIEW_ADD', 'VIEW', '[0],[123],[VIEW],', '视图添加', 'fa-star', '', 999, 3, 'N', '', 'ENABLE', '', '', '2019-07-11 22:26:44', '2019-07-27 21:36:19', 1, 1);
INSERT INTO `sys_menu` VALUES (1149324147449503748, 'VIEW_EDIT', 'VIEW', '[0],[123],[VIEW],', '视图修改', 'fa-star', '', 999, 3, 'N', '', 'ENABLE', '', '', '2019-07-11 22:26:44', '2019-07-27 21:36:19', 1, 1);
INSERT INTO `sys_menu` VALUES (1149324147449503749, 'VIEW_DELETE', 'VIEW', '[0],[123],[VIEW],', '视图删除', 'fa-star', '', 999, 3, 'N', '', 'ENABLE', '', '', '2019-07-11 22:26:44', '2019-07-27 21:36:19', 1, 1);
INSERT INTO `sys_menu` VALUES (1149324147562749954, 'FOLLOW_INFO', '123', '[0],[123],', '跟进信息', 'fa-star', '/followInfo', 999, 2, 'Y', '', 'ENABLE', '', '', '2019-07-11 22:26:44', '2019-07-27 21:36:20', 1, 1);
INSERT INTO `sys_menu` VALUES (1149324147562749955, 'FOLLOW_INFO_ADD', 'FOLLOW_INFO', '[0],[123],[FOLLOW_INFO],', '跟进信息添加', 'fa-star', '', 999, 3, 'N', '', 'ENABLE', '', '', '2019-07-11 22:26:44', '2019-07-27 21:36:20', 1, 1);
INSERT INTO `sys_menu` VALUES (1149324147562749956, 'FOLLOW_INFO_EDIT', 'FOLLOW_INFO', '[0],[123],[FOLLOW_INFO],', '跟进信息修改', 'fa-star', '', 999, 3, 'N', '', 'ENABLE', '', '', '2019-07-11 22:26:44', '2019-07-27 21:36:20', 1, 1);
INSERT INTO `sys_menu` VALUES (1149324147562749957, 'FOLLOW_INFO_DELETE', 'FOLLOW_INFO', '[0],[123],[FOLLOW_INFO],', '跟进信息删除', 'fa-star', '', 999, 3, 'N', '', 'ENABLE', '', '', '2019-07-11 22:26:44', '2019-07-27 21:36:20', 1, 1);
INSERT INTO `sys_menu` VALUES (1153518340484976642, '123', '0', '[0],', '康敏地产', 'layui-icon layui-icon-group', '/', 1, 1, 'Y', NULL, 'ENABLE', NULL, NULL, '2019-07-23 12:12:58', '2019-07-27 21:36:20', 1, 1);

-- ----------------------------
-- Table structure for sys_notice
-- ----------------------------
DROP TABLE IF EXISTS `sys_notice`;
CREATE TABLE `sys_notice`  (
  `notice_id` bigint(20) NOT NULL COMMENT '主键',
  `title` varchar(255) CHARACTER SET utf8 COLLATE utf8_bin DEFAULT NULL COMMENT '标题',
  `content` text CHARACTER SET utf8 COLLATE utf8_bin COMMENT '内容',
  `create_time` datetime(0) DEFAULT NULL COMMENT '创建时间',
  `create_user` bigint(20) DEFAULT NULL COMMENT '创建人',
  `update_time` datetime(0) DEFAULT NULL COMMENT '修改时间',
  `update_user` bigint(20) DEFAULT NULL COMMENT '修改人',
  PRIMARY KEY (`notice_id`) USING BTREE
) ENGINE = InnoDB CHARACTER SET = utf8 COLLATE = utf8_bin COMMENT = '通知表' ROW_FORMAT = Dynamic;

-- ----------------------------
-- Records of sys_notice
-- ----------------------------
INSERT INTO `sys_notice` VALUES (6, '欢迎', 'hi，Guns旗舰版发布了！', '2017-01-11 08:53:20', 1, '2018-12-28 23:24:48', 1);
INSERT INTO `sys_notice` VALUES (8, '你好', '你好，世界！', '2017-05-10 19:28:57', 1, '2018-12-28 23:28:26', 1);
INSERT INTO `sys_notice` VALUES (1153516455392706561, 'htllo', 'aasdasd', '2019-07-23 12:05:29', 1, NULL, NULL);

-- ----------------------------
-- Table structure for sys_operation_log
-- ----------------------------
DROP TABLE IF EXISTS `sys_operation_log`;
CREATE TABLE `sys_operation_log`  (
  `operation_log_id` bigint(20) NOT NULL COMMENT '主键',
  `log_type` varchar(32) CHARACTER SET utf8 COLLATE utf8_bin DEFAULT NULL COMMENT '日志类型(字典)',
  `log_name` varchar(255) CHARACTER SET utf8 COLLATE utf8_bin DEFAULT NULL COMMENT '日志名称',
  `user_id` bigint(65) DEFAULT NULL COMMENT '用户id',
  `class_name` varchar(255) CHARACTER SET utf8 COLLATE utf8_bin DEFAULT NULL COMMENT '类名称',
  `method` text CHARACTER SET utf8 COLLATE utf8_bin COMMENT '方法名称',
  `create_time` datetime(0) DEFAULT NULL COMMENT '创建时间',
  `succeed` varchar(32) CHARACTER SET utf8 COLLATE utf8_bin DEFAULT NULL COMMENT '是否成功(字典)',
  `message` text CHARACTER SET utf8 COLLATE utf8_bin COMMENT '备注',
  PRIMARY KEY (`operation_log_id`) USING BTREE
) ENGINE = InnoDB CHARACTER SET = utf8 COLLATE = utf8_bin COMMENT = '操作日志' ROW_FORMAT = Dynamic;

-- ----------------------------
-- Records of sys_operation_log
-- ----------------------------
INSERT INTO `sys_operation_log` VALUES (1155257626225913857, '业务日志', '清空业务日志', 1, 'cn.stylefeng.guns.modular.system.controller.LogController', 'delLog', '2019-07-28 07:24:16', '成功', '主键id=null');
INSERT INTO `sys_operation_log` VALUES (1155258361458044930, '异常日志', '', 1, NULL, NULL, '2019-07-28 07:27:12', '失败', 'cn.stylefeng.roses.kernel.model.exception.ServiceException: 不能冻结超级管理员\r\n	at cn.stylefeng.guns.modular.system.controller.UserMgrController.freeze(UserMgrController.java:311)\r\n	at cn.stylefeng.guns.modular.system.controller.UserMgrControllerTTFastClassBySpringCGLIBTT7c4c2edf.invoke(<generated>)\r\n	at org.springframework.cglib.proxy.MethodProxy.invoke(MethodProxy.java:218)\r\n	at org.springframework.aop.framework.CglibAopProxyTCglibMethodInvocation.invokeJoinpoint(CglibAopProxy.java:749)\r\n	at org.springframework.aop.framework.ReflectiveMethodInvocation.proceed(ReflectiveMethodInvocation.java:163)\r\n	at org.springframework.aop.aspectj.MethodInvocationProceedingJoinPoint.proceed(MethodInvocationProceedingJoinPoint.java:88)\r\n	at cn.stylefeng.guns.core.interceptor.SessionHolderInterceptor.sessionKit(SessionHolderInterceptor.java:44)\r\n	at sun.reflect.GeneratedMethodAccessor172.invoke(Unknown Source)\r\n	at sun.reflect.DelegatingMethodAccessorImpl.invoke(DelegatingMethodAccessorImpl.java:43)\r\n	at java.lang.reflect.Method.invoke(Method.java:498)\r\n	at org.springframework.aop.aspectj.AbstractAspectJAdvice.invokeAdviceMethodWithGivenArgs(AbstractAspectJAdvice.java:644)\r\n	at org.springframework.aop.aspectj.AbstractAspectJAdvice.invokeAdviceMethod(AbstractAspectJAdvice.java:633)\r\n	at org.springframework.aop.aspectj.AspectJAroundAdvice.invoke(AspectJAroundAdvice.java:70)\r\n	at org.springframework.aop.framework.ReflectiveMethodInvocation.proceed(ReflectiveMethodInvocation.java:186)\r\n	at org.springframework.aop.aspectj.MethodInvocationProceedingJoinPoint.proceed(MethodInvocationProceedingJoinPoint.java:88)\r\n	at cn.stylefeng.guns.core.aop.LogAop.recordSysLog(LogAop.java:60)\r\n	at sun.reflect.NativeMethodAccessorImpl.invoke0(Native Method)\r\n	at sun.reflect.NativeMethodAccessorImpl.invoke(NativeMethodAccessorImpl.java:62)\r\n	at sun.reflect.DelegatingMethodAccessorImpl.invoke(DelegatingMethodAccessorImpl.java:43)\r\n	at java.lang.reflect.Method.invoke(Method.java:498)\r\n	at org.springframework.aop.aspectj.AbstractAspectJAdvice.invokeAdviceMethodWithGivenArgs(AbstractAspectJAdvice.java:644)\r\n	at org.springframework.aop.aspectj.AbstractAspectJAdvice.invokeAdviceMethod(AbstractAspectJAdvice.java:633)\r\n	at org.springframework.aop.aspectj.AspectJAroundAdvice.invoke(AspectJAroundAdvice.java:70)\r\n	at org.springframework.aop.framework.ReflectiveMethodInvocation.proceed(ReflectiveMethodInvocation.java:175)\r\n	at org.springframework.aop.aspectj.MethodInvocationProceedingJoinPoint.proceed(MethodInvocationProceedingJoinPoint.java:88)\r\n	at cn.stylefeng.guns.core.aop.PermissionAop.doPermission(PermissionAop.java:72)\r\n	at sun.reflect.NativeMethodAccessorImpl.invoke0(Native Method)\r\n	at sun.reflect.NativeMethodAccessorImpl.invoke(NativeMethodAccessorImpl.java:62)\r\n	at sun.reflect.DelegatingMethodAccessorImpl.invoke(DelegatingMethodAccessorImpl.java:43)\r\n	at java.lang.reflect.Method.invoke(Method.java:498)\r\n	at org.springframework.aop.aspectj.AbstractAspectJAdvice.invokeAdviceMethodWithGivenArgs(AbstractAspectJAdvice.java:644)\r\n	at org.springframework.aop.aspectj.AbstractAspectJAdvice.invokeAdviceMethod(AbstractAspectJAdvice.java:633)\r\n	at org.springframework.aop.aspectj.AspectJAroundAdvice.invoke(AspectJAroundAdvice.java:70)\r\n	at org.springframework.aop.framework.ReflectiveMethodInvocation.proceed(ReflectiveMethodInvocation.java:175)\r\n	at org.springframework.aop.interceptor.ExposeInvocationInterceptor.invoke(ExposeInvocationInterceptor.java:93)\r\n	at org.springframework.aop.framework.ReflectiveMethodInvocation.proceed(ReflectiveMethodInvocation.java:186)\r\n	at org.springframework.aop.framework.CglibAopProxyTDynamicAdvisedInterceptor.intercept(CglibAopProxy.java:688)\r\n	at cn.stylefeng.guns.modular.system.controller.UserMgrControllerTTEnhancerBySpringCGLIBTT4c2d11d8.freeze(<generated>)\r\n	at sun.reflect.NativeMethodAccessorImpl.invoke0(Native Method)\r\n	at sun.reflect.NativeMethodAccessorImpl.invoke(NativeMethodAccessorImpl.java:62)\r\n	at sun.reflect.DelegatingMethodAccessorImpl.invoke(DelegatingMethodAccessorImpl.java:43)\r\n	at java.lang.reflect.Method.invoke(Method.java:498)\r\n	at org.springframework.web.method.support.InvocableHandlerMethod.doInvoke(InvocableHandlerMethod.java:189)\r\n	at org.springframework.web.method.support.InvocableHandlerMethod.invokeForRequest(InvocableHandlerMethod.java:138)\r\n	at org.springframework.web.servlet.mvc.method.annotation.ServletInvocableHandlerMethod.invokeAndHandle(ServletInvocableHandlerMethod.java:102)\r\n	at org.springframework.web.servlet.mvc.method.annotation.RequestMappingHandlerAdapter.invokeHandlerMethod(RequestMappingHandlerAdapter.java:895)\r\n	at org.springframework.web.servlet.mvc.method.annotation.RequestMappingHandlerAdapter.handleInternal(RequestMappingHandlerAdapter.java:800)\r\n	at org.springframework.web.servlet.mvc.method.AbstractHandlerMethodAdapter.handle(AbstractHandlerMethodAdapter.java:87)\r\n	at org.springframework.web.servlet.DispatcherServlet.doDispatch(DispatcherServlet.java:1038)\r\n	at org.springframework.web.servlet.DispatcherServlet.doService(DispatcherServlet.java:942)\r\n	at org.springframework.web.servlet.FrameworkServlet.processRequest(FrameworkServlet.java:1005)\r\n	at org.springframework.web.servlet.FrameworkServlet.doPost(FrameworkServlet.java:908)\r\n	at javax.servlet.http.HttpServlet.service(HttpServlet.java:660)\r\n	at org.springframework.web.servlet.FrameworkServlet.service(FrameworkServlet.java:882)\r\n	at javax.servlet.http.HttpServlet.service(HttpServlet.java:741)\r\n	at org.apache.catalina.core.ApplicationFilterChain.internalDoFilter(ApplicationFilterChain.java:231)\r\n	at org.apache.catalina.core.ApplicationFilterChain.doFilter(ApplicationFilterChain.java:166)\r\n	at org.apache.tomcat.websocket.server.WsFilter.doFilter(WsFilter.java:53)\r\n	at org.apache.catalina.core.ApplicationFilterChain.internalDoFilter(ApplicationFilterChain.java:193)\r\n	at org.apache.catalina.core.ApplicationFilterChain.doFilter(ApplicationFilterChain.java:166)\r\n	at org.apache.shiro.web.servlet.ProxiedFilterChain.doFilter(ProxiedFilterChain.java:61)\r\n	at org.apache.shiro.web.servlet.AdviceFilter.executeChain(AdviceFilter.java:108)\r\n	at org.apache.shiro.web.servlet.AdviceFilter.doFilterInternal(AdviceFilter.java:137)\r\n	at org.apache.shiro.web.servlet.OncePerRequestFilter.doFilter(OncePerRequestFilter.java:125)\r\n	at org.apache.shiro.web.servlet.ProxiedFilterChain.doFilter(ProxiedFilterChain.java:66)\r\n	at org.apache.shiro.web.servlet.AbstractShiroFilter.executeChain(AbstractShiroFilter.java:449)\r\n	at org.apache.shiro.web.servlet.AbstractShiroFilterT1.call(AbstractShiroFilter.java:365)\r\n	at org.apache.shiro.subject.support.SubjectCallable.doCall(SubjectCallable.java:90)\r\n	at org.apache.shiro.subject.support.SubjectCallable.call(SubjectCallable.java:83)\r\n	at org.apache.shiro.subject.support.DelegatingSubject.execute(DelegatingSubject.java:387)\r\n	at org.apache.shiro.web.servlet.AbstractShiroFilter.doFilterInternal(AbstractShiroFilter.java:362)\r\n	at org.apache.shiro.web.servlet.OncePerRequestFilter.doFilter(OncePerRequestFilter.java:125)\r\n	at org.apache.catalina.core.ApplicationFilterChain.internalDoFilter(ApplicationFilterChain.java:193)\r\n	at org.apache.catalina.core.ApplicationFilterChain.doFilter(ApplicationFilterChain.java:166)\r\n	at cn.stylefeng.roses.core.xss.XssFilter.doFilter(XssFilter.java:31)\r\n	at org.apache.catalina.core.ApplicationFilterChain.internalDoFilter(ApplicationFilterChain.java:193)\r\n	at org.apache.catalina.core.ApplicationFilterChain.doFilter(ApplicationFilterChain.java:166)\r\n	at com.alibaba.druid.support.http.WebStatFilter.doFilter(WebStatFilter.java:123)\r\n	at org.apache.catalina.core.ApplicationFilterChain.internalDoFilter(ApplicationFilterChain.java:193)\r\n	at org.apache.catalina.core.ApplicationFilterChain.doFilter(ApplicationFilterChain.java:166)\r\n	at org.springframework.web.filter.RequestContextFilter.doFilterInternal(RequestContextFilter.java:99)\r\n	at org.springframework.web.filter.OncePerRequestFilter.doFilter(OncePerRequestFilter.java:107)\r\n	at org.apache.catalina.core.ApplicationFilterChain.internalDoFilter(ApplicationFilterChain.java:193)\r\n	at org.apache.catalina.core.ApplicationFilterChain.doFilter(ApplicationFilterChain.java:166)\r\n	at org.springframework.web.filter.FormContentFilter.doFilterInternal(FormContentFilter.java:92)\r\n	at org.springframework.web.filter.OncePerRequestFilter.doFilter(OncePerRequestFilter.java:107)\r\n	at org.apache.catalina.core.ApplicationFilterChain.internalDoFilter(ApplicationFilterChain.java:193)\r\n	at org.apache.catalina.core.ApplicationFilterChain.doFilter(ApplicationFilterChain.java:166)\r\n	at org.springframework.web.filter.HiddenHttpMethodFilter.doFilterInternal(HiddenHttpMethodFilter.java:93)\r\n	at org.springframework.web.filter.OncePerRequestFilter.doFilter(OncePerRequestFilter.java:107)\r\n	at org.apache.catalina.core.ApplicationFilterChain.internalDoFilter(ApplicationFilterChain.java:193)\r\n	at org.apache.catalina.core.ApplicationFilterChain.doFilter(ApplicationFilterChain.java:166)\r\n	at org.springframework.web.filter.CharacterEncodingFilter.doFilterInternal(CharacterEncodingFilter.java:200)\r\n	at org.springframework.web.filter.OncePerRequestFilter.doFilter(OncePerRequestFilter.java:107)\r\n	at org.apache.catalina.core.ApplicationFilterChain.internalDoFilter(ApplicationFilterChain.java:193)\r\n	at org.apache.catalina.core.ApplicationFilterChain.doFilter(ApplicationFilterChain.java:166)\r\n	at org.apache.catalina.core.StandardWrapperValve.invoke(StandardWrapperValve.java:199)\r\n	at org.apache.catalina.core.StandardContextValve.invoke(StandardContextValve.java:96)\r\n	at org.apache.catalina.authenticator.AuthenticatorBase.invoke(AuthenticatorBase.java:490)\r\n	at org.apache.catalina.core.StandardHostValve.invoke(StandardHostValve.java:139)\r\n	at org.apache.catalina.valves.ErrorReportValve.invoke(ErrorReportValve.java:92)\r\n	at org.apache.catalina.core.StandardEngineValve.invoke(StandardEngineValve.java:74)\r\n	at org.apache.catalina.connector.CoyoteAdapter.service(CoyoteAdapter.java:343)\r\n	at org.apache.coyote.http11.Http11Processor.service(Http11Processor.java:408)\r\n	at org.apache.coyote.AbstractProcessorLight.process(AbstractProcessorLight.java:66)\r\n	at org.apache.coyote.AbstractProtocolTConnectionHandler.process(AbstractProtocol.java:791)\r\n	at org.apache.tomcat.util.net.NioEndpointTSocketProcessor.doRun(NioEndpoint.java:1417)\r\n	at org.apache.tomcat.util.net.SocketProcessorBase.run(SocketProcessorBase.java:49)\r\n	at java.util.concurrent.ThreadPoolExecutor.runWorker(ThreadPoolExecutor.java:1149)\r\n	at java.util.concurrent.ThreadPoolExecutorTWorker.run(ThreadPoolExecutor.java:624)\r\n	at org.apache.tomcat.util.threads.TaskThreadTWrappingRunnable.run(TaskThread.java:61)\r\n	at java.lang.Thread.run(Thread.java:748)\r\n');
INSERT INTO `sys_operation_log` VALUES (1155258367753695234, '业务日志', '冻结用户', 1, 'cn.stylefeng.guns.modular.system.controller.UserMgrController', 'freeze', '2019-07-28 07:27:13', '成功', '账号=201606110062');
INSERT INTO `sys_operation_log` VALUES (1155258371423711233, '业务日志', '解除冻结用户', 1, 'cn.stylefeng.guns.modular.system.controller.UserMgrController', 'unfreeze', '2019-07-28 07:27:14', '成功', '账号=201606110062');
INSERT INTO `sys_operation_log` VALUES (1155258411093438465, '异常日志', '', 1, NULL, NULL, '2019-07-28 07:27:24', '失败', 'cn.stylefeng.roses.kernel.model.exception.ServiceException: 不能冻结超级管理员\r\n	at cn.stylefeng.guns.modular.system.controller.UserMgrController.freeze(UserMgrController.java:311)\r\n	at cn.stylefeng.guns.modular.system.controller.UserMgrControllerTTFastClassBySpringCGLIBTT7c4c2edf.invoke(<generated>)\r\n	at org.springframework.cglib.proxy.MethodProxy.invoke(MethodProxy.java:218)\r\n	at org.springframework.aop.framework.CglibAopProxyTCglibMethodInvocation.invokeJoinpoint(CglibAopProxy.java:749)\r\n	at org.springframework.aop.framework.ReflectiveMethodInvocation.proceed(ReflectiveMethodInvocation.java:163)\r\n	at org.springframework.aop.aspectj.MethodInvocationProceedingJoinPoint.proceed(MethodInvocationProceedingJoinPoint.java:88)\r\n	at cn.stylefeng.guns.core.interceptor.SessionHolderInterceptor.sessionKit(SessionHolderInterceptor.java:44)\r\n	at sun.reflect.GeneratedMethodAccessor172.invoke(Unknown Source)\r\n	at sun.reflect.DelegatingMethodAccessorImpl.invoke(DelegatingMethodAccessorImpl.java:43)\r\n	at java.lang.reflect.Method.invoke(Method.java:498)\r\n	at org.springframework.aop.aspectj.AbstractAspectJAdvice.invokeAdviceMethodWithGivenArgs(AbstractAspectJAdvice.java:644)\r\n	at org.springframework.aop.aspectj.AbstractAspectJAdvice.invokeAdviceMethod(AbstractAspectJAdvice.java:633)\r\n	at org.springframework.aop.aspectj.AspectJAroundAdvice.invoke(AspectJAroundAdvice.java:70)\r\n	at org.springframework.aop.framework.ReflectiveMethodInvocation.proceed(ReflectiveMethodInvocation.java:186)\r\n	at org.springframework.aop.aspectj.MethodInvocationProceedingJoinPoint.proceed(MethodInvocationProceedingJoinPoint.java:88)\r\n	at cn.stylefeng.guns.core.aop.LogAop.recordSysLog(LogAop.java:60)\r\n	at sun.reflect.NativeMethodAccessorImpl.invoke0(Native Method)\r\n	at sun.reflect.NativeMethodAccessorImpl.invoke(NativeMethodAccessorImpl.java:62)\r\n	at sun.reflect.DelegatingMethodAccessorImpl.invoke(DelegatingMethodAccessorImpl.java:43)\r\n	at java.lang.reflect.Method.invoke(Method.java:498)\r\n	at org.springframework.aop.aspectj.AbstractAspectJAdvice.invokeAdviceMethodWithGivenArgs(AbstractAspectJAdvice.java:644)\r\n	at org.springframework.aop.aspectj.AbstractAspectJAdvice.invokeAdviceMethod(AbstractAspectJAdvice.java:633)\r\n	at org.springframework.aop.aspectj.AspectJAroundAdvice.invoke(AspectJAroundAdvice.java:70)\r\n	at org.springframework.aop.framework.ReflectiveMethodInvocation.proceed(ReflectiveMethodInvocation.java:175)\r\n	at org.springframework.aop.aspectj.MethodInvocationProceedingJoinPoint.proceed(MethodInvocationProceedingJoinPoint.java:88)\r\n	at cn.stylefeng.guns.core.aop.PermissionAop.doPermission(PermissionAop.java:72)\r\n	at sun.reflect.NativeMethodAccessorImpl.invoke0(Native Method)\r\n	at sun.reflect.NativeMethodAccessorImpl.invoke(NativeMethodAccessorImpl.java:62)\r\n	at sun.reflect.DelegatingMethodAccessorImpl.invoke(DelegatingMethodAccessorImpl.java:43)\r\n	at java.lang.reflect.Method.invoke(Method.java:498)\r\n	at org.springframework.aop.aspectj.AbstractAspectJAdvice.invokeAdviceMethodWithGivenArgs(AbstractAspectJAdvice.java:644)\r\n	at org.springframework.aop.aspectj.AbstractAspectJAdvice.invokeAdviceMethod(AbstractAspectJAdvice.java:633)\r\n	at org.springframework.aop.aspectj.AspectJAroundAdvice.invoke(AspectJAroundAdvice.java:70)\r\n	at org.springframework.aop.framework.ReflectiveMethodInvocation.proceed(ReflectiveMethodInvocation.java:175)\r\n	at org.springframework.aop.interceptor.ExposeInvocationInterceptor.invoke(ExposeInvocationInterceptor.java:93)\r\n	at org.springframework.aop.framework.ReflectiveMethodInvocation.proceed(ReflectiveMethodInvocation.java:186)\r\n	at org.springframework.aop.framework.CglibAopProxyTDynamicAdvisedInterceptor.intercept(CglibAopProxy.java:688)\r\n	at cn.stylefeng.guns.modular.system.controller.UserMgrControllerTTEnhancerBySpringCGLIBTT4c2d11d8.freeze(<generated>)\r\n	at sun.reflect.NativeMethodAccessorImpl.invoke0(Native Method)\r\n	at sun.reflect.NativeMethodAccessorImpl.invoke(NativeMethodAccessorImpl.java:62)\r\n	at sun.reflect.DelegatingMethodAccessorImpl.invoke(DelegatingMethodAccessorImpl.java:43)\r\n	at java.lang.reflect.Method.invoke(Method.java:498)\r\n	at org.springframework.web.method.support.InvocableHandlerMethod.doInvoke(InvocableHandlerMethod.java:189)\r\n	at org.springframework.web.method.support.InvocableHandlerMethod.invokeForRequest(InvocableHandlerMethod.java:138)\r\n	at org.springframework.web.servlet.mvc.method.annotation.ServletInvocableHandlerMethod.invokeAndHandle(ServletInvocableHandlerMethod.java:102)\r\n	at org.springframework.web.servlet.mvc.method.annotation.RequestMappingHandlerAdapter.invokeHandlerMethod(RequestMappingHandlerAdapter.java:895)\r\n	at org.springframework.web.servlet.mvc.method.annotation.RequestMappingHandlerAdapter.handleInternal(RequestMappingHandlerAdapter.java:800)\r\n	at org.springframework.web.servlet.mvc.method.AbstractHandlerMethodAdapter.handle(AbstractHandlerMethodAdapter.java:87)\r\n	at org.springframework.web.servlet.DispatcherServlet.doDispatch(DispatcherServlet.java:1038)\r\n	at org.springframework.web.servlet.DispatcherServlet.doService(DispatcherServlet.java:942)\r\n	at org.springframework.web.servlet.FrameworkServlet.processRequest(FrameworkServlet.java:1005)\r\n	at org.springframework.web.servlet.FrameworkServlet.doPost(FrameworkServlet.java:908)\r\n	at javax.servlet.http.HttpServlet.service(HttpServlet.java:660)\r\n	at org.springframework.web.servlet.FrameworkServlet.service(FrameworkServlet.java:882)\r\n	at javax.servlet.http.HttpServlet.service(HttpServlet.java:741)\r\n	at org.apache.catalina.core.ApplicationFilterChain.internalDoFilter(ApplicationFilterChain.java:231)\r\n	at org.apache.catalina.core.ApplicationFilterChain.doFilter(ApplicationFilterChain.java:166)\r\n	at org.apache.tomcat.websocket.server.WsFilter.doFilter(WsFilter.java:53)\r\n	at org.apache.catalina.core.ApplicationFilterChain.internalDoFilter(ApplicationFilterChain.java:193)\r\n	at org.apache.catalina.core.ApplicationFilterChain.doFilter(ApplicationFilterChain.java:166)\r\n	at org.apache.shiro.web.servlet.ProxiedFilterChain.doFilter(ProxiedFilterChain.java:61)\r\n	at org.apache.shiro.web.servlet.AdviceFilter.executeChain(AdviceFilter.java:108)\r\n	at org.apache.shiro.web.servlet.AdviceFilter.doFilterInternal(AdviceFilter.java:137)\r\n	at org.apache.shiro.web.servlet.OncePerRequestFilter.doFilter(OncePerRequestFilter.java:125)\r\n	at org.apache.shiro.web.servlet.ProxiedFilterChain.doFilter(ProxiedFilterChain.java:66)\r\n	at org.apache.shiro.web.servlet.AbstractShiroFilter.executeChain(AbstractShiroFilter.java:449)\r\n	at org.apache.shiro.web.servlet.AbstractShiroFilterT1.call(AbstractShiroFilter.java:365)\r\n	at org.apache.shiro.subject.support.SubjectCallable.doCall(SubjectCallable.java:90)\r\n	at org.apache.shiro.subject.support.SubjectCallable.call(SubjectCallable.java:83)\r\n	at org.apache.shiro.subject.support.DelegatingSubject.execute(DelegatingSubject.java:387)\r\n	at org.apache.shiro.web.servlet.AbstractShiroFilter.doFilterInternal(AbstractShiroFilter.java:362)\r\n	at org.apache.shiro.web.servlet.OncePerRequestFilter.doFilter(OncePerRequestFilter.java:125)\r\n	at org.apache.catalina.core.ApplicationFilterChain.internalDoFilter(ApplicationFilterChain.java:193)\r\n	at org.apache.catalina.core.ApplicationFilterChain.doFilter(ApplicationFilterChain.java:166)\r\n	at cn.stylefeng.roses.core.xss.XssFilter.doFilter(XssFilter.java:31)\r\n	at org.apache.catalina.core.ApplicationFilterChain.internalDoFilter(ApplicationFilterChain.java:193)\r\n	at org.apache.catalina.core.ApplicationFilterChain.doFilter(ApplicationFilterChain.java:166)\r\n	at com.alibaba.druid.support.http.WebStatFilter.doFilter(WebStatFilter.java:123)\r\n	at org.apache.catalina.core.ApplicationFilterChain.internalDoFilter(ApplicationFilterChain.java:193)\r\n	at org.apache.catalina.core.ApplicationFilterChain.doFilter(ApplicationFilterChain.java:166)\r\n	at org.springframework.web.filter.RequestContextFilter.doFilterInternal(RequestContextFilter.java:99)\r\n	at org.springframework.web.filter.OncePerRequestFilter.doFilter(OncePerRequestFilter.java:107)\r\n	at org.apache.catalina.core.ApplicationFilterChain.internalDoFilter(ApplicationFilterChain.java:193)\r\n	at org.apache.catalina.core.ApplicationFilterChain.doFilter(ApplicationFilterChain.java:166)\r\n	at org.springframework.web.filter.FormContentFilter.doFilterInternal(FormContentFilter.java:92)\r\n	at org.springframework.web.filter.OncePerRequestFilter.doFilter(OncePerRequestFilter.java:107)\r\n	at org.apache.catalina.core.ApplicationFilterChain.internalDoFilter(ApplicationFilterChain.java:193)\r\n	at org.apache.catalina.core.ApplicationFilterChain.doFilter(ApplicationFilterChain.java:166)\r\n	at org.springframework.web.filter.HiddenHttpMethodFilter.doFilterInternal(HiddenHttpMethodFilter.java:93)\r\n	at org.springframework.web.filter.OncePerRequestFilter.doFilter(OncePerRequestFilter.java:107)\r\n	at org.apache.catalina.core.ApplicationFilterChain.internalDoFilter(ApplicationFilterChain.java:193)\r\n	at org.apache.catalina.core.ApplicationFilterChain.doFilter(ApplicationFilterChain.java:166)\r\n	at org.springframework.web.filter.CharacterEncodingFilter.doFilterInternal(CharacterEncodingFilter.java:200)\r\n	at org.springframework.web.filter.OncePerRequestFilter.doFilter(OncePerRequestFilter.java:107)\r\n	at org.apache.catalina.core.ApplicationFilterChain.internalDoFilter(ApplicationFilterChain.java:193)\r\n	at org.apache.catalina.core.ApplicationFilterChain.doFilter(ApplicationFilterChain.java:166)\r\n	at org.apache.catalina.core.StandardWrapperValve.invoke(StandardWrapperValve.java:199)\r\n	at org.apache.catalina.core.StandardContextValve.invoke(StandardContextValve.java:96)\r\n	at org.apache.catalina.authenticator.AuthenticatorBase.invoke(AuthenticatorBase.java:490)\r\n	at org.apache.catalina.core.StandardHostValve.invoke(StandardHostValve.java:139)\r\n	at org.apache.catalina.valves.ErrorReportValve.invoke(ErrorReportValve.java:92)\r\n	at org.apache.catalina.core.StandardEngineValve.invoke(StandardEngineValve.java:74)\r\n	at org.apache.catalina.connector.CoyoteAdapter.service(CoyoteAdapter.java:343)\r\n	at org.apache.coyote.http11.Http11Processor.service(Http11Processor.java:408)\r\n	at org.apache.coyote.AbstractProcessorLight.process(AbstractProcessorLight.java:66)\r\n	at org.apache.coyote.AbstractProtocolTConnectionHandler.process(AbstractProtocol.java:791)\r\n	at org.apache.tomcat.util.net.NioEndpointTSocketProcessor.doRun(NioEndpoint.java:1417)\r\n	at org.apache.tomcat.util.net.SocketProcessorBase.run(SocketProcessorBase.java:49)\r\n	at java.util.concurrent.ThreadPoolExecutor.runWorker(ThreadPoolExecutor.java:1149)\r\n	at java.util.concurrent.ThreadPoolExecutorTWorker.run(ThreadPoolExecutor.java:624)\r\n	at org.apache.tomcat.util.threads.TaskThreadTWrappingRunnable.run(TaskThread.java:61)\r\n	at java.lang.Thread.run(Thread.java:748)\r\n');
INSERT INTO `sys_operation_log` VALUES (1155258477002731521, '异常日志', '', 1, NULL, NULL, '2019-07-28 07:27:39', '失败', 'cn.stylefeng.roses.kernel.model.exception.ServiceException: 不能删除超级管理员\r\n	at cn.stylefeng.guns.modular.system.service.UserService.deleteUser(UserService.java:98)\r\n	at cn.stylefeng.guns.modular.system.service.UserServiceTTFastClassBySpringCGLIBTT44e17289.invoke(<generated>)\r\n	at org.springframework.cglib.proxy.MethodProxy.invoke(MethodProxy.java:218)\r\n	at org.springframework.aop.framework.CglibAopProxyTCglibMethodInvocation.invokeJoinpoint(CglibAopProxy.java:749)\r\n	at org.springframework.aop.framework.ReflectiveMethodInvocation.proceed(ReflectiveMethodInvocation.java:163)\r\n	at com.alibaba.druid.support.spring.stat.DruidStatInterceptor.invoke(DruidStatInterceptor.java:72)\r\n	at org.springframework.aop.framework.ReflectiveMethodInvocation.proceed(ReflectiveMethodInvocation.java:186)\r\n	at org.springframework.aop.framework.CglibAopProxyTDynamicAdvisedInterceptor.intercept(CglibAopProxy.java:688)\r\n	at cn.stylefeng.guns.modular.system.service.UserServiceTTEnhancerBySpringCGLIBTT634d3d58.deleteUser(<generated>)\r\n	at cn.stylefeng.guns.modular.system.controller.UserMgrController.delete(UserMgrController.java:253)\r\n	at cn.stylefeng.guns.modular.system.controller.UserMgrControllerTTFastClassBySpringCGLIBTT7c4c2edf.invoke(<generated>)\r\n	at org.springframework.cglib.proxy.MethodProxy.invoke(MethodProxy.java:218)\r\n	at org.springframework.aop.framework.CglibAopProxyTCglibMethodInvocation.invokeJoinpoint(CglibAopProxy.java:749)\r\n	at org.springframework.aop.framework.ReflectiveMethodInvocation.proceed(ReflectiveMethodInvocation.java:163)\r\n	at org.springframework.aop.aspectj.MethodInvocationProceedingJoinPoint.proceed(MethodInvocationProceedingJoinPoint.java:88)\r\n	at cn.stylefeng.guns.core.interceptor.SessionHolderInterceptor.sessionKit(SessionHolderInterceptor.java:44)\r\n	at sun.reflect.GeneratedMethodAccessor172.invoke(Unknown Source)\r\n	at sun.reflect.DelegatingMethodAccessorImpl.invoke(DelegatingMethodAccessorImpl.java:43)\r\n	at java.lang.reflect.Method.invoke(Method.java:498)\r\n	at org.springframework.aop.aspectj.AbstractAspectJAdvice.invokeAdviceMethodWithGivenArgs(AbstractAspectJAdvice.java:644)\r\n	at org.springframework.aop.aspectj.AbstractAspectJAdvice.invokeAdviceMethod(AbstractAspectJAdvice.java:633)\r\n	at org.springframework.aop.aspectj.AspectJAroundAdvice.invoke(AspectJAroundAdvice.java:70)\r\n	at org.springframework.aop.framework.ReflectiveMethodInvocation.proceed(ReflectiveMethodInvocation.java:186)\r\n	at org.springframework.aop.aspectj.MethodInvocationProceedingJoinPoint.proceed(MethodInvocationProceedingJoinPoint.java:88)\r\n	at cn.stylefeng.guns.core.aop.LogAop.recordSysLog(LogAop.java:60)\r\n	at sun.reflect.NativeMethodAccessorImpl.invoke0(Native Method)\r\n	at sun.reflect.NativeMethodAccessorImpl.invoke(NativeMethodAccessorImpl.java:62)\r\n	at sun.reflect.DelegatingMethodAccessorImpl.invoke(DelegatingMethodAccessorImpl.java:43)\r\n	at java.lang.reflect.Method.invoke(Method.java:498)\r\n	at org.springframework.aop.aspectj.AbstractAspectJAdvice.invokeAdviceMethodWithGivenArgs(AbstractAspectJAdvice.java:644)\r\n	at org.springframework.aop.aspectj.AbstractAspectJAdvice.invokeAdviceMethod(AbstractAspectJAdvice.java:633)\r\n	at org.springframework.aop.aspectj.AspectJAroundAdvice.invoke(AspectJAroundAdvice.java:70)\r\n	at org.springframework.aop.framework.ReflectiveMethodInvocation.proceed(ReflectiveMethodInvocation.java:175)\r\n	at org.springframework.aop.aspectj.MethodInvocationProceedingJoinPoint.proceed(MethodInvocationProceedingJoinPoint.java:88)\r\n	at cn.stylefeng.guns.core.aop.PermissionAop.doPermission(PermissionAop.java:62)\r\n	at sun.reflect.NativeMethodAccessorImpl.invoke0(Native Method)\r\n	at sun.reflect.NativeMethodAccessorImpl.invoke(NativeMethodAccessorImpl.java:62)\r\n	at sun.reflect.DelegatingMethodAccessorImpl.invoke(DelegatingMethodAccessorImpl.java:43)\r\n	at java.lang.reflect.Method.invoke(Method.java:498)\r\n	at org.springframework.aop.aspectj.AbstractAspectJAdvice.invokeAdviceMethodWithGivenArgs(AbstractAspectJAdvice.java:644)\r\n	at org.springframework.aop.aspectj.AbstractAspectJAdvice.invokeAdviceMethod(AbstractAspectJAdvice.java:633)\r\n	at org.springframework.aop.aspectj.AspectJAroundAdvice.invoke(AspectJAroundAdvice.java:70)\r\n	at org.springframework.aop.framework.ReflectiveMethodInvocation.proceed(ReflectiveMethodInvocation.java:175)\r\n	at org.springframework.aop.interceptor.ExposeInvocationInterceptor.invoke(ExposeInvocationInterceptor.java:93)\r\n	at org.springframework.aop.framework.ReflectiveMethodInvocation.proceed(ReflectiveMethodInvocation.java:186)\r\n	at org.springframework.aop.framework.CglibAopProxyTDynamicAdvisedInterceptor.intercept(CglibAopProxy.java:688)\r\n	at cn.stylefeng.guns.modular.system.controller.UserMgrControllerTTEnhancerBySpringCGLIBTT4c2d11d8.delete(<generated>)\r\n	at sun.reflect.NativeMethodAccessorImpl.invoke0(Native Method)\r\n	at sun.reflect.NativeMethodAccessorImpl.invoke(NativeMethodAccessorImpl.java:62)\r\n	at sun.reflect.DelegatingMethodAccessorImpl.invoke(DelegatingMethodAccessorImpl.java:43)\r\n	at java.lang.reflect.Method.invoke(Method.java:498)\r\n	at org.springframework.web.method.support.InvocableHandlerMethod.doInvoke(InvocableHandlerMethod.java:189)\r\n	at org.springframework.web.method.support.InvocableHandlerMethod.invokeForRequest(InvocableHandlerMethod.java:138)\r\n	at org.springframework.web.servlet.mvc.method.annotation.ServletInvocableHandlerMethod.invokeAndHandle(ServletInvocableHandlerMethod.java:102)\r\n	at org.springframework.web.servlet.mvc.method.annotation.RequestMappingHandlerAdapter.invokeHandlerMethod(RequestMappingHandlerAdapter.java:895)\r\n	at org.springframework.web.servlet.mvc.method.annotation.RequestMappingHandlerAdapter.handleInternal(RequestMappingHandlerAdapter.java:800)\r\n	at org.springframework.web.servlet.mvc.method.AbstractHandlerMethodAdapter.handle(AbstractHandlerMethodAdapter.java:87)\r\n	at org.springframework.web.servlet.DispatcherServlet.doDispatch(DispatcherServlet.java:1038)\r\n	at org.springframework.web.servlet.DispatcherServlet.doService(DispatcherServlet.java:942)\r\n	at org.springframework.web.servlet.FrameworkServlet.processRequest(FrameworkServlet.java:1005)\r\n	at org.springframework.web.servlet.FrameworkServlet.doPost(FrameworkServlet.java:908)\r\n	at javax.servlet.http.HttpServlet.service(HttpServlet.java:660)\r\n	at org.springframework.web.servlet.FrameworkServlet.service(FrameworkServlet.java:882)\r\n	at javax.servlet.http.HttpServlet.service(HttpServlet.java:741)\r\n	at org.apache.catalina.core.ApplicationFilterChain.internalDoFilter(ApplicationFilterChain.java:231)\r\n	at org.apache.catalina.core.ApplicationFilterChain.doFilter(ApplicationFilterChain.java:166)\r\n	at org.apache.tomcat.websocket.server.WsFilter.doFilter(WsFilter.java:53)\r\n	at org.apache.catalina.core.ApplicationFilterChain.internalDoFilter(ApplicationFilterChain.java:193)\r\n	at org.apache.catalina.core.ApplicationFilterChain.doFilter(ApplicationFilterChain.java:166)\r\n	at org.apache.shiro.web.servlet.ProxiedFilterChain.doFilter(ProxiedFilterChain.java:61)\r\n	at org.apache.shiro.web.servlet.AdviceFilter.executeChain(AdviceFilter.java:108)\r\n	at org.apache.shiro.web.servlet.AdviceFilter.doFilterInternal(AdviceFilter.java:137)\r\n	at org.apache.shiro.web.servlet.OncePerRequestFilter.doFilter(OncePerRequestFilter.java:125)\r\n	at org.apache.shiro.web.servlet.ProxiedFilterChain.doFilter(ProxiedFilterChain.java:66)\r\n	at org.apache.shiro.web.servlet.AbstractShiroFilter.executeChain(AbstractShiroFilter.java:449)\r\n	at org.apache.shiro.web.servlet.AbstractShiroFilterT1.call(AbstractShiroFilter.java:365)\r\n	at org.apache.shiro.subject.support.SubjectCallable.doCall(SubjectCallable.java:90)\r\n	at org.apache.shiro.subject.support.SubjectCallable.call(SubjectCallable.java:83)\r\n	at org.apache.shiro.subject.support.DelegatingSubject.execute(DelegatingSubject.java:387)\r\n	at org.apache.shiro.web.servlet.AbstractShiroFilter.doFilterInternal(AbstractShiroFilter.java:362)\r\n	at org.apache.shiro.web.servlet.OncePerRequestFilter.doFilter(OncePerRequestFilter.java:125)\r\n	at org.apache.catalina.core.ApplicationFilterChain.internalDoFilter(ApplicationFilterChain.java:193)\r\n	at org.apache.catalina.core.ApplicationFilterChain.doFilter(ApplicationFilterChain.java:166)\r\n	at cn.stylefeng.roses.core.xss.XssFilter.doFilter(XssFilter.java:31)\r\n	at org.apache.catalina.core.ApplicationFilterChain.internalDoFilter(ApplicationFilterChain.java:193)\r\n	at org.apache.catalina.core.ApplicationFilterChain.doFilter(ApplicationFilterChain.java:166)\r\n	at com.alibaba.druid.support.http.WebStatFilter.doFilter(WebStatFilter.java:123)\r\n	at org.apache.catalina.core.ApplicationFilterChain.internalDoFilter(ApplicationFilterChain.java:193)\r\n	at org.apache.catalina.core.ApplicationFilterChain.doFilter(ApplicationFilterChain.java:166)\r\n	at org.springframework.web.filter.RequestContextFilter.doFilterInternal(RequestContextFilter.java:99)\r\n	at org.springframework.web.filter.OncePerRequestFilter.doFilter(OncePerRequestFilter.java:107)\r\n	at org.apache.catalina.core.ApplicationFilterChain.internalDoFilter(ApplicationFilterChain.java:193)\r\n	at org.apache.catalina.core.ApplicationFilterChain.doFilter(ApplicationFilterChain.java:166)\r\n	at org.springframework.web.filter.FormContentFilter.doFilterInternal(FormContentFilter.java:92)\r\n	at org.springframework.web.filter.OncePerRequestFilter.doFilter(OncePerRequestFilter.java:107)\r\n	at org.apache.catalina.core.ApplicationFilterChain.internalDoFilter(ApplicationFilterChain.java:193)\r\n	at org.apache.catalina.core.ApplicationFilterChain.doFilter(ApplicationFilterChain.java:166)\r\n	at org.springframework.web.filter.HiddenHttpMethodFilter.doFilterInternal(HiddenHttpMethodFilter.java:93)\r\n	at org.springframework.web.filter.OncePerRequestFilter.doFilter(OncePerRequestFilter.java:107)\r\n	at org.apache.catalina.core.ApplicationFilterChain.internalDoFilter(ApplicationFilterChain.java:193)\r\n	at org.apache.catalina.core.ApplicationFilterChain.doFilter(ApplicationFilterChain.java:166)\r\n	at org.springframework.web.filter.CharacterEncodingFilter.doFilterInternal(CharacterEncodingFilter.java:200)\r\n	at org.springframework.web.filter.OncePerRequestFilter.doFilter(OncePerRequestFilter.java:107)\r\n	at org.apache.catalina.core.ApplicationFilterChain.internalDoFilter(ApplicationFilterChain.java:193)\r\n	at org.apache.catalina.core.ApplicationFilterChain.doFilter(ApplicationFilterChain.java:166)\r\n	at org.apache.catalina.core.StandardWrapperValve.invoke(StandardWrapperValve.java:199)\r\n	at org.apache.catalina.core.StandardContextValve.invoke(StandardContextValve.java:96)\r\n	at org.apache.catalina.authenticator.AuthenticatorBase.invoke(AuthenticatorBase.java:490)\r\n	at org.apache.catalina.core.StandardHostValve.invoke(StandardHostValve.java:139)\r\n	at org.apache.catalina.valves.ErrorReportValve.invoke(ErrorReportValve.java:92)\r\n	at org.apache.catalina.core.StandardEngineValve.invoke(StandardEngineValve.java:74)\r\n	at org.apache.catalina.connector.CoyoteAdapter.service(CoyoteAdapter.java:343)\r\n	at org.apache.coyote.http11.Http11Processor.service(Http11Processor.java:408)\r\n	at org.apache.coyote.AbstractProcessorLight.process(AbstractProcessorLight.java:66)\r\n	at org.apache.coyote.AbstractProtocolTConnectionHandler.process(AbstractProtocol.java:791)\r\n	at org.apache.tomcat.util.net.NioEndpointTSocketProcessor.doRun(NioEndpoint.java:1417)\r\n	at org.apache.tomcat.util.net.SocketProcessorBase.run(SocketProcessorBase.java:49)\r\n	at java.util.concurrent.ThreadPoolExecutor.runWorker(ThreadPoolExecutor.java:1149)\r\n	at java.util.concurrent.ThreadPoolExecutorTWorker.run(ThreadPoolExecutor.java:624)\r\n	at org.apache.tomcat.util.threads.TaskThreadTWrappingRunnable.run(TaskThread.java:61)\r\n	at java.lang.Thread.run(Thread.java:748)\r\n');
INSERT INTO `sys_operation_log` VALUES (1155258514847936513, '业务日志', '分配角色', 1, 'cn.stylefeng.guns.modular.system.controller.UserMgrController', 'setRole', '2019-07-28 07:27:48', '成功', '账号=201606110062,角色名称集合=超级管理员');
INSERT INTO `sys_operation_log` VALUES (1155258538986156033, '异常日志', '', 1, NULL, NULL, '2019-07-28 07:27:54', '失败', 'cn.stylefeng.roses.kernel.model.exception.ServiceException: 不能删除超级管理员\r\n	at cn.stylefeng.guns.modular.system.service.UserService.deleteUser(UserService.java:98)\r\n	at cn.stylefeng.guns.modular.system.service.UserServiceTTFastClassBySpringCGLIBTT44e17289.invoke(<generated>)\r\n	at org.springframework.cglib.proxy.MethodProxy.invoke(MethodProxy.java:218)\r\n	at org.springframework.aop.framework.CglibAopProxyTCglibMethodInvocation.invokeJoinpoint(CglibAopProxy.java:749)\r\n	at org.springframework.aop.framework.ReflectiveMethodInvocation.proceed(ReflectiveMethodInvocation.java:163)\r\n	at com.alibaba.druid.support.spring.stat.DruidStatInterceptor.invoke(DruidStatInterceptor.java:72)\r\n	at org.springframework.aop.framework.ReflectiveMethodInvocation.proceed(ReflectiveMethodInvocation.java:186)\r\n	at org.springframework.aop.framework.CglibAopProxyTDynamicAdvisedInterceptor.intercept(CglibAopProxy.java:688)\r\n	at cn.stylefeng.guns.modular.system.service.UserServiceTTEnhancerBySpringCGLIBTT634d3d58.deleteUser(<generated>)\r\n	at cn.stylefeng.guns.modular.system.controller.UserMgrController.delete(UserMgrController.java:253)\r\n	at cn.stylefeng.guns.modular.system.controller.UserMgrControllerTTFastClassBySpringCGLIBTT7c4c2edf.invoke(<generated>)\r\n	at org.springframework.cglib.proxy.MethodProxy.invoke(MethodProxy.java:218)\r\n	at org.springframework.aop.framework.CglibAopProxyTCglibMethodInvocation.invokeJoinpoint(CglibAopProxy.java:749)\r\n	at org.springframework.aop.framework.ReflectiveMethodInvocation.proceed(ReflectiveMethodInvocation.java:163)\r\n	at org.springframework.aop.aspectj.MethodInvocationProceedingJoinPoint.proceed(MethodInvocationProceedingJoinPoint.java:88)\r\n	at cn.stylefeng.guns.core.interceptor.SessionHolderInterceptor.sessionKit(SessionHolderInterceptor.java:44)\r\n	at sun.reflect.GeneratedMethodAccessor172.invoke(Unknown Source)\r\n	at sun.reflect.DelegatingMethodAccessorImpl.invoke(DelegatingMethodAccessorImpl.java:43)\r\n	at java.lang.reflect.Method.invoke(Method.java:498)\r\n	at org.springframework.aop.aspectj.AbstractAspectJAdvice.invokeAdviceMethodWithGivenArgs(AbstractAspectJAdvice.java:644)\r\n	at org.springframework.aop.aspectj.AbstractAspectJAdvice.invokeAdviceMethod(AbstractAspectJAdvice.java:633)\r\n	at org.springframework.aop.aspectj.AspectJAroundAdvice.invoke(AspectJAroundAdvice.java:70)\r\n	at org.springframework.aop.framework.ReflectiveMethodInvocation.proceed(ReflectiveMethodInvocation.java:186)\r\n	at org.springframework.aop.aspectj.MethodInvocationProceedingJoinPoint.proceed(MethodInvocationProceedingJoinPoint.java:88)\r\n	at cn.stylefeng.guns.core.aop.LogAop.recordSysLog(LogAop.java:60)\r\n	at sun.reflect.NativeMethodAccessorImpl.invoke0(Native Method)\r\n	at sun.reflect.NativeMethodAccessorImpl.invoke(NativeMethodAccessorImpl.java:62)\r\n	at sun.reflect.DelegatingMethodAccessorImpl.invoke(DelegatingMethodAccessorImpl.java:43)\r\n	at java.lang.reflect.Method.invoke(Method.java:498)\r\n	at org.springframework.aop.aspectj.AbstractAspectJAdvice.invokeAdviceMethodWithGivenArgs(AbstractAspectJAdvice.java:644)\r\n	at org.springframework.aop.aspectj.AbstractAspectJAdvice.invokeAdviceMethod(AbstractAspectJAdvice.java:633)\r\n	at org.springframework.aop.aspectj.AspectJAroundAdvice.invoke(AspectJAroundAdvice.java:70)\r\n	at org.springframework.aop.framework.ReflectiveMethodInvocation.proceed(ReflectiveMethodInvocation.java:175)\r\n	at org.springframework.aop.aspectj.MethodInvocationProceedingJoinPoint.proceed(MethodInvocationProceedingJoinPoint.java:88)\r\n	at cn.stylefeng.guns.core.aop.PermissionAop.doPermission(PermissionAop.java:62)\r\n	at sun.reflect.GeneratedMethodAccessor212.invoke(Unknown Source)\r\n	at sun.reflect.DelegatingMethodAccessorImpl.invoke(DelegatingMethodAccessorImpl.java:43)\r\n	at java.lang.reflect.Method.invoke(Method.java:498)\r\n	at org.springframework.aop.aspectj.AbstractAspectJAdvice.invokeAdviceMethodWithGivenArgs(AbstractAspectJAdvice.java:644)\r\n	at org.springframework.aop.aspectj.AbstractAspectJAdvice.invokeAdviceMethod(AbstractAspectJAdvice.java:633)\r\n	at org.springframework.aop.aspectj.AspectJAroundAdvice.invoke(AspectJAroundAdvice.java:70)\r\n	at org.springframework.aop.framework.ReflectiveMethodInvocation.proceed(ReflectiveMethodInvocation.java:175)\r\n	at org.springframework.aop.interceptor.ExposeInvocationInterceptor.invoke(ExposeInvocationInterceptor.java:93)\r\n	at org.springframework.aop.framework.ReflectiveMethodInvocation.proceed(ReflectiveMethodInvocation.java:186)\r\n	at org.springframework.aop.framework.CglibAopProxyTDynamicAdvisedInterceptor.intercept(CglibAopProxy.java:688)\r\n	at cn.stylefeng.guns.modular.system.controller.UserMgrControllerTTEnhancerBySpringCGLIBTT4c2d11d8.delete(<generated>)\r\n	at sun.reflect.NativeMethodAccessorImpl.invoke0(Native Method)\r\n	at sun.reflect.NativeMethodAccessorImpl.invoke(NativeMethodAccessorImpl.java:62)\r\n	at sun.reflect.DelegatingMethodAccessorImpl.invoke(DelegatingMethodAccessorImpl.java:43)\r\n	at java.lang.reflect.Method.invoke(Method.java:498)\r\n	at org.springframework.web.method.support.InvocableHandlerMethod.doInvoke(InvocableHandlerMethod.java:189)\r\n	at org.springframework.web.method.support.InvocableHandlerMethod.invokeForRequest(InvocableHandlerMethod.java:138)\r\n	at org.springframework.web.servlet.mvc.method.annotation.ServletInvocableHandlerMethod.invokeAndHandle(ServletInvocableHandlerMethod.java:102)\r\n	at org.springframework.web.servlet.mvc.method.annotation.RequestMappingHandlerAdapter.invokeHandlerMethod(RequestMappingHandlerAdapter.java:895)\r\n	at org.springframework.web.servlet.mvc.method.annotation.RequestMappingHandlerAdapter.handleInternal(RequestMappingHandlerAdapter.java:800)\r\n	at org.springframework.web.servlet.mvc.method.AbstractHandlerMethodAdapter.handle(AbstractHandlerMethodAdapter.java:87)\r\n	at org.springframework.web.servlet.DispatcherServlet.doDispatch(DispatcherServlet.java:1038)\r\n	at org.springframework.web.servlet.DispatcherServlet.doService(DispatcherServlet.java:942)\r\n	at org.springframework.web.servlet.FrameworkServlet.processRequest(FrameworkServlet.java:1005)\r\n	at org.springframework.web.servlet.FrameworkServlet.doPost(FrameworkServlet.java:908)\r\n	at javax.servlet.http.HttpServlet.service(HttpServlet.java:660)\r\n	at org.springframework.web.servlet.FrameworkServlet.service(FrameworkServlet.java:882)\r\n	at javax.servlet.http.HttpServlet.service(HttpServlet.java:741)\r\n	at org.apache.catalina.core.ApplicationFilterChain.internalDoFilter(ApplicationFilterChain.java:231)\r\n	at org.apache.catalina.core.ApplicationFilterChain.doFilter(ApplicationFilterChain.java:166)\r\n	at org.apache.tomcat.websocket.server.WsFilter.doFilter(WsFilter.java:53)\r\n	at org.apache.catalina.core.ApplicationFilterChain.internalDoFilter(ApplicationFilterChain.java:193)\r\n	at org.apache.catalina.core.ApplicationFilterChain.doFilter(ApplicationFilterChain.java:166)\r\n	at org.apache.shiro.web.servlet.ProxiedFilterChain.doFilter(ProxiedFilterChain.java:61)\r\n	at org.apache.shiro.web.servlet.AdviceFilter.executeChain(AdviceFilter.java:108)\r\n	at org.apache.shiro.web.servlet.AdviceFilter.doFilterInternal(AdviceFilter.java:137)\r\n	at org.apache.shiro.web.servlet.OncePerRequestFilter.doFilter(OncePerRequestFilter.java:125)\r\n	at org.apache.shiro.web.servlet.ProxiedFilterChain.doFilter(ProxiedFilterChain.java:66)\r\n	at org.apache.shiro.web.servlet.AbstractShiroFilter.executeChain(AbstractShiroFilter.java:449)\r\n	at org.apache.shiro.web.servlet.AbstractShiroFilterT1.call(AbstractShiroFilter.java:365)\r\n	at org.apache.shiro.subject.support.SubjectCallable.doCall(SubjectCallable.java:90)\r\n	at org.apache.shiro.subject.support.SubjectCallable.call(SubjectCallable.java:83)\r\n	at org.apache.shiro.subject.support.DelegatingSubject.execute(DelegatingSubject.java:387)\r\n	at org.apache.shiro.web.servlet.AbstractShiroFilter.doFilterInternal(AbstractShiroFilter.java:362)\r\n	at org.apache.shiro.web.servlet.OncePerRequestFilter.doFilter(OncePerRequestFilter.java:125)\r\n	at org.apache.catalina.core.ApplicationFilterChain.internalDoFilter(ApplicationFilterChain.java:193)\r\n	at org.apache.catalina.core.ApplicationFilterChain.doFilter(ApplicationFilterChain.java:166)\r\n	at cn.stylefeng.roses.core.xss.XssFilter.doFilter(XssFilter.java:31)\r\n	at org.apache.catalina.core.ApplicationFilterChain.internalDoFilter(ApplicationFilterChain.java:193)\r\n	at org.apache.catalina.core.ApplicationFilterChain.doFilter(ApplicationFilterChain.java:166)\r\n	at com.alibaba.druid.support.http.WebStatFilter.doFilter(WebStatFilter.java:123)\r\n	at org.apache.catalina.core.ApplicationFilterChain.internalDoFilter(ApplicationFilterChain.java:193)\r\n	at org.apache.catalina.core.ApplicationFilterChain.doFilter(ApplicationFilterChain.java:166)\r\n	at org.springframework.web.filter.RequestContextFilter.doFilterInternal(RequestContextFilter.java:99)\r\n	at org.springframework.web.filter.OncePerRequestFilter.doFilter(OncePerRequestFilter.java:107)\r\n	at org.apache.catalina.core.ApplicationFilterChain.internalDoFilter(ApplicationFilterChain.java:193)\r\n	at org.apache.catalina.core.ApplicationFilterChain.doFilter(ApplicationFilterChain.java:166)\r\n	at org.springframework.web.filter.FormContentFilter.doFilterInternal(FormContentFilter.java:92)\r\n	at org.springframework.web.filter.OncePerRequestFilter.doFilter(OncePerRequestFilter.java:107)\r\n	at org.apache.catalina.core.ApplicationFilterChain.internalDoFilter(ApplicationFilterChain.java:193)\r\n	at org.apache.catalina.core.ApplicationFilterChain.doFilter(ApplicationFilterChain.java:166)\r\n	at org.springframework.web.filter.HiddenHttpMethodFilter.doFilterInternal(HiddenHttpMethodFilter.java:93)\r\n	at org.springframework.web.filter.OncePerRequestFilter.doFilter(OncePerRequestFilter.java:107)\r\n	at org.apache.catalina.core.ApplicationFilterChain.internalDoFilter(ApplicationFilterChain.java:193)\r\n	at org.apache.catalina.core.ApplicationFilterChain.doFilter(ApplicationFilterChain.java:166)\r\n	at org.springframework.web.filter.CharacterEncodingFilter.doFilterInternal(CharacterEncodingFilter.java:200)\r\n	at org.springframework.web.filter.OncePerRequestFilter.doFilter(OncePerRequestFilter.java:107)\r\n	at org.apache.catalina.core.ApplicationFilterChain.internalDoFilter(ApplicationFilterChain.java:193)\r\n	at org.apache.catalina.core.ApplicationFilterChain.doFilter(ApplicationFilterChain.java:166)\r\n	at org.apache.catalina.core.StandardWrapperValve.invoke(StandardWrapperValve.java:199)\r\n	at org.apache.catalina.core.StandardContextValve.invoke(StandardContextValve.java:96)\r\n	at org.apache.catalina.authenticator.AuthenticatorBase.invoke(AuthenticatorBase.java:490)\r\n	at org.apache.catalina.core.StandardHostValve.invoke(StandardHostValve.java:139)\r\n	at org.apache.catalina.valves.ErrorReportValve.invoke(ErrorReportValve.java:92)\r\n	at org.apache.catalina.core.StandardEngineValve.invoke(StandardEngineValve.java:74)\r\n	at org.apache.catalina.connector.CoyoteAdapter.service(CoyoteAdapter.java:343)\r\n	at org.apache.coyote.http11.Http11Processor.service(Http11Processor.java:408)\r\n	at org.apache.coyote.AbstractProcessorLight.process(AbstractProcessorLight.java:66)\r\n	at org.apache.coyote.AbstractProtocolTConnectionHandler.process(AbstractProtocol.java:791)\r\n	at org.apache.tomcat.util.net.NioEndpointTSocketProcessor.doRun(NioEndpoint.java:1417)\r\n	at org.apache.tomcat.util.net.SocketProcessorBase.run(SocketProcessorBase.java:49)\r\n	at java.util.concurrent.ThreadPoolExecutor.runWorker(ThreadPoolExecutor.java:1149)\r\n	at java.util.concurrent.ThreadPoolExecutorTWorker.run(ThreadPoolExecutor.java:624)\r\n	at org.apache.tomcat.util.threads.TaskThreadTWrappingRunnable.run(TaskThread.java:61)\r\n	at java.lang.Thread.run(Thread.java:748)\r\n');
INSERT INTO `sys_operation_log` VALUES (1155258721161555969, '业务日志', '添加管理员', 1, 'cn.stylefeng.guns.modular.system.controller.UserMgrController', 'add', '2019-07-28 07:28:37', '成功', '账号=test');
INSERT INTO `sys_operation_log` VALUES (1155258780812947458, '业务日志', '分配角色', 1, 'cn.stylefeng.guns.modular.system.controller.UserMgrController', 'setRole', '2019-07-28 07:28:52', '成功', '账号=test,角色名称集合=超级管理员');
INSERT INTO `sys_operation_log` VALUES (1155258845002575873, '业务日志', '删除管理员', 1, 'cn.stylefeng.guns.modular.system.controller.UserMgrController', 'delete', '2019-07-28 07:29:07', '成功', '账号=test');
INSERT INTO `sys_operation_log` VALUES (1155258862715121666, '异常日志', '', 1, NULL, NULL, '2019-07-28 07:29:11', '失败', 'cn.stylefeng.roses.kernel.model.exception.ServiceException: 不能删除超级管理员\r\n	at cn.stylefeng.guns.modular.system.service.UserService.deleteUser(UserService.java:98)\r\n	at cn.stylefeng.guns.modular.system.service.UserServiceTTFastClassBySpringCGLIBTT44e17289.invoke(<generated>)\r\n	at org.springframework.cglib.proxy.MethodProxy.invoke(MethodProxy.java:218)\r\n	at org.springframework.aop.framework.CglibAopProxyTCglibMethodInvocation.invokeJoinpoint(CglibAopProxy.java:749)\r\n	at org.springframework.aop.framework.ReflectiveMethodInvocation.proceed(ReflectiveMethodInvocation.java:163)\r\n	at com.alibaba.druid.support.spring.stat.DruidStatInterceptor.invoke(DruidStatInterceptor.java:72)\r\n	at org.springframework.aop.framework.ReflectiveMethodInvocation.proceed(ReflectiveMethodInvocation.java:186)\r\n	at org.springframework.aop.framework.CglibAopProxyTDynamicAdvisedInterceptor.intercept(CglibAopProxy.java:688)\r\n	at cn.stylefeng.guns.modular.system.service.UserServiceTTEnhancerBySpringCGLIBTT634d3d58.deleteUser(<generated>)\r\n	at cn.stylefeng.guns.modular.system.controller.UserMgrController.delete(UserMgrController.java:253)\r\n	at cn.stylefeng.guns.modular.system.controller.UserMgrControllerTTFastClassBySpringCGLIBTT7c4c2edf.invoke(<generated>)\r\n	at org.springframework.cglib.proxy.MethodProxy.invoke(MethodProxy.java:218)\r\n	at org.springframework.aop.framework.CglibAopProxyTCglibMethodInvocation.invokeJoinpoint(CglibAopProxy.java:749)\r\n	at org.springframework.aop.framework.ReflectiveMethodInvocation.proceed(ReflectiveMethodInvocation.java:163)\r\n	at org.springframework.aop.aspectj.MethodInvocationProceedingJoinPoint.proceed(MethodInvocationProceedingJoinPoint.java:88)\r\n	at cn.stylefeng.guns.core.interceptor.SessionHolderInterceptor.sessionKit(SessionHolderInterceptor.java:44)\r\n	at sun.reflect.GeneratedMethodAccessor172.invoke(Unknown Source)\r\n	at sun.reflect.DelegatingMethodAccessorImpl.invoke(DelegatingMethodAccessorImpl.java:43)\r\n	at java.lang.reflect.Method.invoke(Method.java:498)\r\n	at org.springframework.aop.aspectj.AbstractAspectJAdvice.invokeAdviceMethodWithGivenArgs(AbstractAspectJAdvice.java:644)\r\n	at org.springframework.aop.aspectj.AbstractAspectJAdvice.invokeAdviceMethod(AbstractAspectJAdvice.java:633)\r\n	at org.springframework.aop.aspectj.AspectJAroundAdvice.invoke(AspectJAroundAdvice.java:70)\r\n	at org.springframework.aop.framework.ReflectiveMethodInvocation.proceed(ReflectiveMethodInvocation.java:186)\r\n	at org.springframework.aop.aspectj.MethodInvocationProceedingJoinPoint.proceed(MethodInvocationProceedingJoinPoint.java:88)\r\n	at cn.stylefeng.guns.core.aop.LogAop.recordSysLog(LogAop.java:60)\r\n	at sun.reflect.NativeMethodAccessorImpl.invoke0(Native Method)\r\n	at sun.reflect.NativeMethodAccessorImpl.invoke(NativeMethodAccessorImpl.java:62)\r\n	at sun.reflect.DelegatingMethodAccessorImpl.invoke(DelegatingMethodAccessorImpl.java:43)\r\n	at java.lang.reflect.Method.invoke(Method.java:498)\r\n	at org.springframework.aop.aspectj.AbstractAspectJAdvice.invokeAdviceMethodWithGivenArgs(AbstractAspectJAdvice.java:644)\r\n	at org.springframework.aop.aspectj.AbstractAspectJAdvice.invokeAdviceMethod(AbstractAspectJAdvice.java:633)\r\n	at org.springframework.aop.aspectj.AspectJAroundAdvice.invoke(AspectJAroundAdvice.java:70)\r\n	at org.springframework.aop.framework.ReflectiveMethodInvocation.proceed(ReflectiveMethodInvocation.java:175)\r\n	at org.springframework.aop.aspectj.MethodInvocationProceedingJoinPoint.proceed(MethodInvocationProceedingJoinPoint.java:88)\r\n	at cn.stylefeng.guns.core.aop.PermissionAop.doPermission(PermissionAop.java:62)\r\n	at sun.reflect.GeneratedMethodAccessor212.invoke(Unknown Source)\r\n	at sun.reflect.DelegatingMethodAccessorImpl.invoke(DelegatingMethodAccessorImpl.java:43)\r\n	at java.lang.reflect.Method.invoke(Method.java:498)\r\n	at org.springframework.aop.aspectj.AbstractAspectJAdvice.invokeAdviceMethodWithGivenArgs(AbstractAspectJAdvice.java:644)\r\n	at org.springframework.aop.aspectj.AbstractAspectJAdvice.invokeAdviceMethod(AbstractAspectJAdvice.java:633)\r\n	at org.springframework.aop.aspectj.AspectJAroundAdvice.invoke(AspectJAroundAdvice.java:70)\r\n	at org.springframework.aop.framework.ReflectiveMethodInvocation.proceed(ReflectiveMethodInvocation.java:175)\r\n	at org.springframework.aop.interceptor.ExposeInvocationInterceptor.invoke(ExposeInvocationInterceptor.java:93)\r\n	at org.springframework.aop.framework.ReflectiveMethodInvocation.proceed(ReflectiveMethodInvocation.java:186)\r\n	at org.springframework.aop.framework.CglibAopProxyTDynamicAdvisedInterceptor.intercept(CglibAopProxy.java:688)\r\n	at cn.stylefeng.guns.modular.system.controller.UserMgrControllerTTEnhancerBySpringCGLIBTT4c2d11d8.delete(<generated>)\r\n	at sun.reflect.NativeMethodAccessorImpl.invoke0(Native Method)\r\n	at sun.reflect.NativeMethodAccessorImpl.invoke(NativeMethodAccessorImpl.java:62)\r\n	at sun.reflect.DelegatingMethodAccessorImpl.invoke(DelegatingMethodAccessorImpl.java:43)\r\n	at java.lang.reflect.Method.invoke(Method.java:498)\r\n	at org.springframework.web.method.support.InvocableHandlerMethod.doInvoke(InvocableHandlerMethod.java:189)\r\n	at org.springframework.web.method.support.InvocableHandlerMethod.invokeForRequest(InvocableHandlerMethod.java:138)\r\n	at org.springframework.web.servlet.mvc.method.annotation.ServletInvocableHandlerMethod.invokeAndHandle(ServletInvocableHandlerMethod.java:102)\r\n	at org.springframework.web.servlet.mvc.method.annotation.RequestMappingHandlerAdapter.invokeHandlerMethod(RequestMappingHandlerAdapter.java:895)\r\n	at org.springframework.web.servlet.mvc.method.annotation.RequestMappingHandlerAdapter.handleInternal(RequestMappingHandlerAdapter.java:800)\r\n	at org.springframework.web.servlet.mvc.method.AbstractHandlerMethodAdapter.handle(AbstractHandlerMethodAdapter.java:87)\r\n	at org.springframework.web.servlet.DispatcherServlet.doDispatch(DispatcherServlet.java:1038)\r\n	at org.springframework.web.servlet.DispatcherServlet.doService(DispatcherServlet.java:942)\r\n	at org.springframework.web.servlet.FrameworkServlet.processRequest(FrameworkServlet.java:1005)\r\n	at org.springframework.web.servlet.FrameworkServlet.doPost(FrameworkServlet.java:908)\r\n	at javax.servlet.http.HttpServlet.service(HttpServlet.java:660)\r\n	at org.springframework.web.servlet.FrameworkServlet.service(FrameworkServlet.java:882)\r\n	at javax.servlet.http.HttpServlet.service(HttpServlet.java:741)\r\n	at org.apache.catalina.core.ApplicationFilterChain.internalDoFilter(ApplicationFilterChain.java:231)\r\n	at org.apache.catalina.core.ApplicationFilterChain.doFilter(ApplicationFilterChain.java:166)\r\n	at org.apache.tomcat.websocket.server.WsFilter.doFilter(WsFilter.java:53)\r\n	at org.apache.catalina.core.ApplicationFilterChain.internalDoFilter(ApplicationFilterChain.java:193)\r\n	at org.apache.catalina.core.ApplicationFilterChain.doFilter(ApplicationFilterChain.java:166)\r\n	at org.apache.shiro.web.servlet.ProxiedFilterChain.doFilter(ProxiedFilterChain.java:61)\r\n	at org.apache.shiro.web.servlet.AdviceFilter.executeChain(AdviceFilter.java:108)\r\n	at org.apache.shiro.web.servlet.AdviceFilter.doFilterInternal(AdviceFilter.java:137)\r\n	at org.apache.shiro.web.servlet.OncePerRequestFilter.doFilter(OncePerRequestFilter.java:125)\r\n	at org.apache.shiro.web.servlet.ProxiedFilterChain.doFilter(ProxiedFilterChain.java:66)\r\n	at org.apache.shiro.web.servlet.AbstractShiroFilter.executeChain(AbstractShiroFilter.java:449)\r\n	at org.apache.shiro.web.servlet.AbstractShiroFilterT1.call(AbstractShiroFilter.java:365)\r\n	at org.apache.shiro.subject.support.SubjectCallable.doCall(SubjectCallable.java:90)\r\n	at org.apache.shiro.subject.support.SubjectCallable.call(SubjectCallable.java:83)\r\n	at org.apache.shiro.subject.support.DelegatingSubject.execute(DelegatingSubject.java:387)\r\n	at org.apache.shiro.web.servlet.AbstractShiroFilter.doFilterInternal(AbstractShiroFilter.java:362)\r\n	at org.apache.shiro.web.servlet.OncePerRequestFilter.doFilter(OncePerRequestFilter.java:125)\r\n	at org.apache.catalina.core.ApplicationFilterChain.internalDoFilter(ApplicationFilterChain.java:193)\r\n	at org.apache.catalina.core.ApplicationFilterChain.doFilter(ApplicationFilterChain.java:166)\r\n	at cn.stylefeng.roses.core.xss.XssFilter.doFilter(XssFilter.java:31)\r\n	at org.apache.catalina.core.ApplicationFilterChain.internalDoFilter(ApplicationFilterChain.java:193)\r\n	at org.apache.catalina.core.ApplicationFilterChain.doFilter(ApplicationFilterChain.java:166)\r\n	at com.alibaba.druid.support.http.WebStatFilter.doFilter(WebStatFilter.java:123)\r\n	at org.apache.catalina.core.ApplicationFilterChain.internalDoFilter(ApplicationFilterChain.java:193)\r\n	at org.apache.catalina.core.ApplicationFilterChain.doFilter(ApplicationFilterChain.java:166)\r\n	at org.springframework.web.filter.RequestContextFilter.doFilterInternal(RequestContextFilter.java:99)\r\n	at org.springframework.web.filter.OncePerRequestFilter.doFilter(OncePerRequestFilter.java:107)\r\n	at org.apache.catalina.core.ApplicationFilterChain.internalDoFilter(ApplicationFilterChain.java:193)\r\n	at org.apache.catalina.core.ApplicationFilterChain.doFilter(ApplicationFilterChain.java:166)\r\n	at org.springframework.web.filter.FormContentFilter.doFilterInternal(FormContentFilter.java:92)\r\n	at org.springframework.web.filter.OncePerRequestFilter.doFilter(OncePerRequestFilter.java:107)\r\n	at org.apache.catalina.core.ApplicationFilterChain.internalDoFilter(ApplicationFilterChain.java:193)\r\n	at org.apache.catalina.core.ApplicationFilterChain.doFilter(ApplicationFilterChain.java:166)\r\n	at org.springframework.web.filter.HiddenHttpMethodFilter.doFilterInternal(HiddenHttpMethodFilter.java:93)\r\n	at org.springframework.web.filter.OncePerRequestFilter.doFilter(OncePerRequestFilter.java:107)\r\n	at org.apache.catalina.core.ApplicationFilterChain.internalDoFilter(ApplicationFilterChain.java:193)\r\n	at org.apache.catalina.core.ApplicationFilterChain.doFilter(ApplicationFilterChain.java:166)\r\n	at org.springframework.web.filter.CharacterEncodingFilter.doFilterInternal(CharacterEncodingFilter.java:200)\r\n	at org.springframework.web.filter.OncePerRequestFilter.doFilter(OncePerRequestFilter.java:107)\r\n	at org.apache.catalina.core.ApplicationFilterChain.internalDoFilter(ApplicationFilterChain.java:193)\r\n	at org.apache.catalina.core.ApplicationFilterChain.doFilter(ApplicationFilterChain.java:166)\r\n	at org.apache.catalina.core.StandardWrapperValve.invoke(StandardWrapperValve.java:199)\r\n	at org.apache.catalina.core.StandardContextValve.invoke(StandardContextValve.java:96)\r\n	at org.apache.catalina.authenticator.AuthenticatorBase.invoke(AuthenticatorBase.java:490)\r\n	at org.apache.catalina.core.StandardHostValve.invoke(StandardHostValve.java:139)\r\n	at org.apache.catalina.valves.ErrorReportValve.invoke(ErrorReportValve.java:92)\r\n	at org.apache.catalina.core.StandardEngineValve.invoke(StandardEngineValve.java:74)\r\n	at org.apache.catalina.connector.CoyoteAdapter.service(CoyoteAdapter.java:343)\r\n	at org.apache.coyote.http11.Http11Processor.service(Http11Processor.java:408)\r\n	at org.apache.coyote.AbstractProcessorLight.process(AbstractProcessorLight.java:66)\r\n	at org.apache.coyote.AbstractProtocolTConnectionHandler.process(AbstractProtocol.java:791)\r\n	at org.apache.tomcat.util.net.NioEndpointTSocketProcessor.doRun(NioEndpoint.java:1417)\r\n	at org.apache.tomcat.util.net.SocketProcessorBase.run(SocketProcessorBase.java:49)\r\n	at java.util.concurrent.ThreadPoolExecutor.runWorker(ThreadPoolExecutor.java:1149)\r\n	at java.util.concurrent.ThreadPoolExecutorTWorker.run(ThreadPoolExecutor.java:624)\r\n	at org.apache.tomcat.util.threads.TaskThreadTWrappingRunnable.run(TaskThread.java:61)\r\n	at java.lang.Thread.run(Thread.java:748)\r\n');
INSERT INTO `sys_operation_log` VALUES (1155293231567622145, '异常日志', '', 1, NULL, NULL, '2019-07-28 09:45:45', '失败', 'cn.stylefeng.roses.kernel.model.exception.ServiceException: 不能冻结超级管理员\r\n	at cn.stylefeng.guns.modular.system.controller.UserMgrController.freeze(UserMgrController.java:319)\r\n	at cn.stylefeng.guns.modular.system.controller.UserMgrControllerTTFastClassBySpringCGLIBTT7c4c2edf.invoke(<generated>)\r\n	at org.springframework.cglib.proxy.MethodProxy.invoke(MethodProxy.java:218)\r\n	at org.springframework.aop.framework.CglibAopProxyTCglibMethodInvocation.invokeJoinpoint(CglibAopProxy.java:749)\r\n	at org.springframework.aop.framework.ReflectiveMethodInvocation.proceed(ReflectiveMethodInvocation.java:163)\r\n	at org.springframework.aop.aspectj.MethodInvocationProceedingJoinPoint.proceed(MethodInvocationProceedingJoinPoint.java:88)\r\n	at cn.stylefeng.guns.core.interceptor.SessionHolderInterceptor.sessionKit(SessionHolderInterceptor.java:44)\r\n	at sun.reflect.NativeMethodAccessorImpl.invoke0(Native Method)\r\n	at sun.reflect.NativeMethodAccessorImpl.invoke(NativeMethodAccessorImpl.java:62)\r\n	at sun.reflect.DelegatingMethodAccessorImpl.invoke(DelegatingMethodAccessorImpl.java:43)\r\n	at java.lang.reflect.Method.invoke(Method.java:498)\r\n	at org.springframework.aop.aspectj.AbstractAspectJAdvice.invokeAdviceMethodWithGivenArgs(AbstractAspectJAdvice.java:644)\r\n	at org.springframework.aop.aspectj.AbstractAspectJAdvice.invokeAdviceMethod(AbstractAspectJAdvice.java:633)\r\n	at org.springframework.aop.aspectj.AspectJAroundAdvice.invoke(AspectJAroundAdvice.java:70)\r\n	at org.springframework.aop.framework.ReflectiveMethodInvocation.proceed(ReflectiveMethodInvocation.java:186)\r\n	at org.springframework.aop.aspectj.MethodInvocationProceedingJoinPoint.proceed(MethodInvocationProceedingJoinPoint.java:88)\r\n	at cn.stylefeng.guns.core.aop.LogAop.recordSysLog(LogAop.java:60)\r\n	at sun.reflect.NativeMethodAccessorImpl.invoke0(Native Method)\r\n	at sun.reflect.NativeMethodAccessorImpl.invoke(NativeMethodAccessorImpl.java:62)\r\n	at sun.reflect.DelegatingMethodAccessorImpl.invoke(DelegatingMethodAccessorImpl.java:43)\r\n	at java.lang.reflect.Method.invoke(Method.java:498)\r\n	at org.springframework.aop.aspectj.AbstractAspectJAdvice.invokeAdviceMethodWithGivenArgs(AbstractAspectJAdvice.java:644)\r\n	at org.springframework.aop.aspectj.AbstractAspectJAdvice.invokeAdviceMethod(AbstractAspectJAdvice.java:633)\r\n	at org.springframework.aop.aspectj.AspectJAroundAdvice.invoke(AspectJAroundAdvice.java:70)\r\n	at org.springframework.aop.framework.ReflectiveMethodInvocation.proceed(ReflectiveMethodInvocation.java:175)\r\n	at org.springframework.aop.aspectj.MethodInvocationProceedingJoinPoint.proceed(MethodInvocationProceedingJoinPoint.java:88)\r\n	at cn.stylefeng.guns.core.aop.PermissionAop.doPermission(PermissionAop.java:72)\r\n	at sun.reflect.NativeMethodAccessorImpl.invoke0(Native Method)\r\n	at sun.reflect.NativeMethodAccessorImpl.invoke(NativeMethodAccessorImpl.java:62)\r\n	at sun.reflect.DelegatingMethodAccessorImpl.invoke(DelegatingMethodAccessorImpl.java:43)\r\n	at java.lang.reflect.Method.invoke(Method.java:498)\r\n	at org.springframework.aop.aspectj.AbstractAspectJAdvice.invokeAdviceMethodWithGivenArgs(AbstractAspectJAdvice.java:644)\r\n	at org.springframework.aop.aspectj.AbstractAspectJAdvice.invokeAdviceMethod(AbstractAspectJAdvice.java:633)\r\n	at org.springframework.aop.aspectj.AspectJAroundAdvice.invoke(AspectJAroundAdvice.java:70)\r\n	at org.springframework.aop.framework.ReflectiveMethodInvocation.proceed(ReflectiveMethodInvocation.java:175)\r\n	at org.springframework.aop.interceptor.ExposeInvocationInterceptor.invoke(ExposeInvocationInterceptor.java:93)\r\n	at org.springframework.aop.framework.ReflectiveMethodInvocation.proceed(ReflectiveMethodInvocation.java:186)\r\n	at org.springframework.aop.framework.CglibAopProxyTDynamicAdvisedInterceptor.intercept(CglibAopProxy.java:688)\r\n	at cn.stylefeng.guns.modular.system.controller.UserMgrControllerTTEnhancerBySpringCGLIBTT8ff9be0.freeze(<generated>)\r\n	at sun.reflect.NativeMethodAccessorImpl.invoke0(Native Method)\r\n	at sun.reflect.NativeMethodAccessorImpl.invoke(NativeMethodAccessorImpl.java:62)\r\n	at sun.reflect.DelegatingMethodAccessorImpl.invoke(DelegatingMethodAccessorImpl.java:43)\r\n	at java.lang.reflect.Method.invoke(Method.java:498)\r\n	at org.springframework.web.method.support.InvocableHandlerMethod.doInvoke(InvocableHandlerMethod.java:189)\r\n	at org.springframework.web.method.support.InvocableHandlerMethod.invokeForRequest(InvocableHandlerMethod.java:138)\r\n	at org.springframework.web.servlet.mvc.method.annotation.ServletInvocableHandlerMethod.invokeAndHandle(ServletInvocableHandlerMethod.java:102)\r\n	at org.springframework.web.servlet.mvc.method.annotation.RequestMappingHandlerAdapter.invokeHandlerMethod(RequestMappingHandlerAdapter.java:895)\r\n	at org.springframework.web.servlet.mvc.method.annotation.RequestMappingHandlerAdapter.handleInternal(RequestMappingHandlerAdapter.java:800)\r\n	at org.springframework.web.servlet.mvc.method.AbstractHandlerMethodAdapter.handle(AbstractHandlerMethodAdapter.java:87)\r\n	at org.springframework.web.servlet.DispatcherServlet.doDispatch(DispatcherServlet.java:1038)\r\n	at org.springframework.web.servlet.DispatcherServlet.doService(DispatcherServlet.java:942)\r\n	at org.springframework.web.servlet.FrameworkServlet.processRequest(FrameworkServlet.java:1005)\r\n	at org.springframework.web.servlet.FrameworkServlet.doPost(FrameworkServlet.java:908)\r\n	at javax.servlet.http.HttpServlet.service(HttpServlet.java:660)\r\n	at org.springframework.web.servlet.FrameworkServlet.service(FrameworkServlet.java:882)\r\n	at javax.servlet.http.HttpServlet.service(HttpServlet.java:741)\r\n	at org.apache.catalina.core.ApplicationFilterChain.internalDoFilter(ApplicationFilterChain.java:231)\r\n	at org.apache.catalina.core.ApplicationFilterChain.doFilter(ApplicationFilterChain.java:166)\r\n	at org.apache.tomcat.websocket.server.WsFilter.doFilter(WsFilter.java:53)\r\n	at org.apache.catalina.core.ApplicationFilterChain.internalDoFilter(ApplicationFilterChain.java:193)\r\n	at org.apache.catalina.core.ApplicationFilterChain.doFilter(ApplicationFilterChain.java:166)\r\n	at org.apache.shiro.web.servlet.ProxiedFilterChain.doFilter(ProxiedFilterChain.java:61)\r\n	at org.apache.shiro.web.servlet.AdviceFilter.executeChain(AdviceFilter.java:108)\r\n	at org.apache.shiro.web.servlet.AdviceFilter.doFilterInternal(AdviceFilter.java:137)\r\n	at org.apache.shiro.web.servlet.OncePerRequestFilter.doFilter(OncePerRequestFilter.java:125)\r\n	at org.apache.shiro.web.servlet.ProxiedFilterChain.doFilter(ProxiedFilterChain.java:66)\r\n	at org.apache.shiro.web.servlet.AbstractShiroFilter.executeChain(AbstractShiroFilter.java:449)\r\n	at org.apache.shiro.web.servlet.AbstractShiroFilterT1.call(AbstractShiroFilter.java:365)\r\n	at org.apache.shiro.subject.support.SubjectCallable.doCall(SubjectCallable.java:90)\r\n	at org.apache.shiro.subject.support.SubjectCallable.call(SubjectCallable.java:83)\r\n	at org.apache.shiro.subject.support.DelegatingSubject.execute(DelegatingSubject.java:387)\r\n	at org.apache.shiro.web.servlet.AbstractShiroFilter.doFilterInternal(AbstractShiroFilter.java:362)\r\n	at org.apache.shiro.web.servlet.OncePerRequestFilter.doFilter(OncePerRequestFilter.java:125)\r\n	at org.apache.catalina.core.ApplicationFilterChain.internalDoFilter(ApplicationFilterChain.java:193)\r\n	at org.apache.catalina.core.ApplicationFilterChain.doFilter(ApplicationFilterChain.java:166)\r\n	at cn.stylefeng.roses.core.xss.XssFilter.doFilter(XssFilter.java:31)\r\n	at org.apache.catalina.core.ApplicationFilterChain.internalDoFilter(ApplicationFilterChain.java:193)\r\n	at org.apache.catalina.core.ApplicationFilterChain.doFilter(ApplicationFilterChain.java:166)\r\n	at com.alibaba.druid.support.http.WebStatFilter.doFilter(WebStatFilter.java:123)\r\n	at org.apache.catalina.core.ApplicationFilterChain.internalDoFilter(ApplicationFilterChain.java:193)\r\n	at org.apache.catalina.core.ApplicationFilterChain.doFilter(ApplicationFilterChain.java:166)\r\n	at org.springframework.web.filter.RequestContextFilter.doFilterInternal(RequestContextFilter.java:99)\r\n	at org.springframework.web.filter.OncePerRequestFilter.doFilter(OncePerRequestFilter.java:107)\r\n	at org.apache.catalina.core.ApplicationFilterChain.internalDoFilter(ApplicationFilterChain.java:193)\r\n	at org.apache.catalina.core.ApplicationFilterChain.doFilter(ApplicationFilterChain.java:166)\r\n	at org.springframework.web.filter.FormContentFilter.doFilterInternal(FormContentFilter.java:92)\r\n	at org.springframework.web.filter.OncePerRequestFilter.doFilter(OncePerRequestFilter.java:107)\r\n	at org.apache.catalina.core.ApplicationFilterChain.internalDoFilter(ApplicationFilterChain.java:193)\r\n	at org.apache.catalina.core.ApplicationFilterChain.doFilter(ApplicationFilterChain.java:166)\r\n	at org.springframework.web.filter.HiddenHttpMethodFilter.doFilterInternal(HiddenHttpMethodFilter.java:93)\r\n	at org.springframework.web.filter.OncePerRequestFilter.doFilter(OncePerRequestFilter.java:107)\r\n	at org.apache.catalina.core.ApplicationFilterChain.internalDoFilter(ApplicationFilterChain.java:193)\r\n	at org.apache.catalina.core.ApplicationFilterChain.doFilter(ApplicationFilterChain.java:166)\r\n	at org.springframework.web.filter.CharacterEncodingFilter.doFilterInternal(CharacterEncodingFilter.java:200)\r\n	at org.springframework.web.filter.OncePerRequestFilter.doFilter(OncePerRequestFilter.java:107)\r\n	at org.apache.catalina.core.ApplicationFilterChain.internalDoFilter(ApplicationFilterChain.java:193)\r\n	at org.apache.catalina.core.ApplicationFilterChain.doFilter(ApplicationFilterChain.java:166)\r\n	at org.apache.catalina.core.StandardWrapperValve.invoke(StandardWrapperValve.java:199)\r\n	at org.apache.catalina.core.StandardContextValve.invoke(StandardContextValve.java:96)\r\n	at org.apache.catalina.authenticator.AuthenticatorBase.invoke(AuthenticatorBase.java:490)\r\n	at org.apache.catalina.core.StandardHostValve.invoke(StandardHostValve.java:139)\r\n	at org.apache.catalina.valves.ErrorReportValve.invoke(ErrorReportValve.java:92)\r\n	at org.apache.catalina.core.StandardEngineValve.invoke(StandardEngineValve.java:74)\r\n	at org.apache.catalina.connector.CoyoteAdapter.service(CoyoteAdapter.java:343)\r\n	at org.apache.coyote.http11.Http11Processor.service(Http11Processor.java:408)\r\n	at org.apache.coyote.AbstractProcessorLight.process(AbstractProcessorLight.java:66)\r\n	at org.apache.coyote.AbstractProtocolTConnectionHandler.process(AbstractProtocol.java:791)\r\n	at org.apache.tomcat.util.net.NioEndpointTSocketProcessor.doRun(NioEndpoint.java:1417)\r\n	at org.apache.tomcat.util.net.SocketProcessorBase.run(SocketProcessorBase.java:49)\r\n	at java.util.concurrent.ThreadPoolExecutor.runWorker(ThreadPoolExecutor.java:1149)\r\n	at java.util.concurrent.ThreadPoolExecutorTWorker.run(ThreadPoolExecutor.java:624)\r\n	at org.apache.tomcat.util.threads.TaskThreadTWrappingRunnable.run(TaskThread.java:61)\r\n	at java.lang.Thread.run(Thread.java:748)\r\n');
INSERT INTO `sys_operation_log` VALUES (1155293235359272962, '异常日志', '', 1, NULL, NULL, '2019-07-28 09:45:46', '失败', 'cn.stylefeng.roses.kernel.model.exception.ServiceException: 不能冻结超级管理员\r\n	at cn.stylefeng.guns.modular.system.controller.UserMgrController.freeze(UserMgrController.java:319)\r\n	at cn.stylefeng.guns.modular.system.controller.UserMgrControllerTTFastClassBySpringCGLIBTT7c4c2edf.invoke(<generated>)\r\n	at org.springframework.cglib.proxy.MethodProxy.invoke(MethodProxy.java:218)\r\n	at org.springframework.aop.framework.CglibAopProxyTCglibMethodInvocation.invokeJoinpoint(CglibAopProxy.java:749)\r\n	at org.springframework.aop.framework.ReflectiveMethodInvocation.proceed(ReflectiveMethodInvocation.java:163)\r\n	at org.springframework.aop.aspectj.MethodInvocationProceedingJoinPoint.proceed(MethodInvocationProceedingJoinPoint.java:88)\r\n	at cn.stylefeng.guns.core.interceptor.SessionHolderInterceptor.sessionKit(SessionHolderInterceptor.java:44)\r\n	at sun.reflect.NativeMethodAccessorImpl.invoke0(Native Method)\r\n	at sun.reflect.NativeMethodAccessorImpl.invoke(NativeMethodAccessorImpl.java:62)\r\n	at sun.reflect.DelegatingMethodAccessorImpl.invoke(DelegatingMethodAccessorImpl.java:43)\r\n	at java.lang.reflect.Method.invoke(Method.java:498)\r\n	at org.springframework.aop.aspectj.AbstractAspectJAdvice.invokeAdviceMethodWithGivenArgs(AbstractAspectJAdvice.java:644)\r\n	at org.springframework.aop.aspectj.AbstractAspectJAdvice.invokeAdviceMethod(AbstractAspectJAdvice.java:633)\r\n	at org.springframework.aop.aspectj.AspectJAroundAdvice.invoke(AspectJAroundAdvice.java:70)\r\n	at org.springframework.aop.framework.ReflectiveMethodInvocation.proceed(ReflectiveMethodInvocation.java:186)\r\n	at org.springframework.aop.aspectj.MethodInvocationProceedingJoinPoint.proceed(MethodInvocationProceedingJoinPoint.java:88)\r\n	at cn.stylefeng.guns.core.aop.LogAop.recordSysLog(LogAop.java:60)\r\n	at sun.reflect.NativeMethodAccessorImpl.invoke0(Native Method)\r\n	at sun.reflect.NativeMethodAccessorImpl.invoke(NativeMethodAccessorImpl.java:62)\r\n	at sun.reflect.DelegatingMethodAccessorImpl.invoke(DelegatingMethodAccessorImpl.java:43)\r\n	at java.lang.reflect.Method.invoke(Method.java:498)\r\n	at org.springframework.aop.aspectj.AbstractAspectJAdvice.invokeAdviceMethodWithGivenArgs(AbstractAspectJAdvice.java:644)\r\n	at org.springframework.aop.aspectj.AbstractAspectJAdvice.invokeAdviceMethod(AbstractAspectJAdvice.java:633)\r\n	at org.springframework.aop.aspectj.AspectJAroundAdvice.invoke(AspectJAroundAdvice.java:70)\r\n	at org.springframework.aop.framework.ReflectiveMethodInvocation.proceed(ReflectiveMethodInvocation.java:175)\r\n	at org.springframework.aop.aspectj.MethodInvocationProceedingJoinPoint.proceed(MethodInvocationProceedingJoinPoint.java:88)\r\n	at cn.stylefeng.guns.core.aop.PermissionAop.doPermission(PermissionAop.java:72)\r\n	at sun.reflect.NativeMethodAccessorImpl.invoke0(Native Method)\r\n	at sun.reflect.NativeMethodAccessorImpl.invoke(NativeMethodAccessorImpl.java:62)\r\n	at sun.reflect.DelegatingMethodAccessorImpl.invoke(DelegatingMethodAccessorImpl.java:43)\r\n	at java.lang.reflect.Method.invoke(Method.java:498)\r\n	at org.springframework.aop.aspectj.AbstractAspectJAdvice.invokeAdviceMethodWithGivenArgs(AbstractAspectJAdvice.java:644)\r\n	at org.springframework.aop.aspectj.AbstractAspectJAdvice.invokeAdviceMethod(AbstractAspectJAdvice.java:633)\r\n	at org.springframework.aop.aspectj.AspectJAroundAdvice.invoke(AspectJAroundAdvice.java:70)\r\n	at org.springframework.aop.framework.ReflectiveMethodInvocation.proceed(ReflectiveMethodInvocation.java:175)\r\n	at org.springframework.aop.interceptor.ExposeInvocationInterceptor.invoke(ExposeInvocationInterceptor.java:93)\r\n	at org.springframework.aop.framework.ReflectiveMethodInvocation.proceed(ReflectiveMethodInvocation.java:186)\r\n	at org.springframework.aop.framework.CglibAopProxyTDynamicAdvisedInterceptor.intercept(CglibAopProxy.java:688)\r\n	at cn.stylefeng.guns.modular.system.controller.UserMgrControllerTTEnhancerBySpringCGLIBTT8ff9be0.freeze(<generated>)\r\n	at sun.reflect.NativeMethodAccessorImpl.invoke0(Native Method)\r\n	at sun.reflect.NativeMethodAccessorImpl.invoke(NativeMethodAccessorImpl.java:62)\r\n	at sun.reflect.DelegatingMethodAccessorImpl.invoke(DelegatingMethodAccessorImpl.java:43)\r\n	at java.lang.reflect.Method.invoke(Method.java:498)\r\n	at org.springframework.web.method.support.InvocableHandlerMethod.doInvoke(InvocableHandlerMethod.java:189)\r\n	at org.springframework.web.method.support.InvocableHandlerMethod.invokeForRequest(InvocableHandlerMethod.java:138)\r\n	at org.springframework.web.servlet.mvc.method.annotation.ServletInvocableHandlerMethod.invokeAndHandle(ServletInvocableHandlerMethod.java:102)\r\n	at org.springframework.web.servlet.mvc.method.annotation.RequestMappingHandlerAdapter.invokeHandlerMethod(RequestMappingHandlerAdapter.java:895)\r\n	at org.springframework.web.servlet.mvc.method.annotation.RequestMappingHandlerAdapter.handleInternal(RequestMappingHandlerAdapter.java:800)\r\n	at org.springframework.web.servlet.mvc.method.AbstractHandlerMethodAdapter.handle(AbstractHandlerMethodAdapter.java:87)\r\n	at org.springframework.web.servlet.DispatcherServlet.doDispatch(DispatcherServlet.java:1038)\r\n	at org.springframework.web.servlet.DispatcherServlet.doService(DispatcherServlet.java:942)\r\n	at org.springframework.web.servlet.FrameworkServlet.processRequest(FrameworkServlet.java:1005)\r\n	at org.springframework.web.servlet.FrameworkServlet.doPost(FrameworkServlet.java:908)\r\n	at javax.servlet.http.HttpServlet.service(HttpServlet.java:660)\r\n	at org.springframework.web.servlet.FrameworkServlet.service(FrameworkServlet.java:882)\r\n	at javax.servlet.http.HttpServlet.service(HttpServlet.java:741)\r\n	at org.apache.catalina.core.ApplicationFilterChain.internalDoFilter(ApplicationFilterChain.java:231)\r\n	at org.apache.catalina.core.ApplicationFilterChain.doFilter(ApplicationFilterChain.java:166)\r\n	at org.apache.tomcat.websocket.server.WsFilter.doFilter(WsFilter.java:53)\r\n	at org.apache.catalina.core.ApplicationFilterChain.internalDoFilter(ApplicationFilterChain.java:193)\r\n	at org.apache.catalina.core.ApplicationFilterChain.doFilter(ApplicationFilterChain.java:166)\r\n	at org.apache.shiro.web.servlet.ProxiedFilterChain.doFilter(ProxiedFilterChain.java:61)\r\n	at org.apache.shiro.web.servlet.AdviceFilter.executeChain(AdviceFilter.java:108)\r\n	at org.apache.shiro.web.servlet.AdviceFilter.doFilterInternal(AdviceFilter.java:137)\r\n	at org.apache.shiro.web.servlet.OncePerRequestFilter.doFilter(OncePerRequestFilter.java:125)\r\n	at org.apache.shiro.web.servlet.ProxiedFilterChain.doFilter(ProxiedFilterChain.java:66)\r\n	at org.apache.shiro.web.servlet.AbstractShiroFilter.executeChain(AbstractShiroFilter.java:449)\r\n	at org.apache.shiro.web.servlet.AbstractShiroFilterT1.call(AbstractShiroFilter.java:365)\r\n	at org.apache.shiro.subject.support.SubjectCallable.doCall(SubjectCallable.java:90)\r\n	at org.apache.shiro.subject.support.SubjectCallable.call(SubjectCallable.java:83)\r\n	at org.apache.shiro.subject.support.DelegatingSubject.execute(DelegatingSubject.java:387)\r\n	at org.apache.shiro.web.servlet.AbstractShiroFilter.doFilterInternal(AbstractShiroFilter.java:362)\r\n	at org.apache.shiro.web.servlet.OncePerRequestFilter.doFilter(OncePerRequestFilter.java:125)\r\n	at org.apache.catalina.core.ApplicationFilterChain.internalDoFilter(ApplicationFilterChain.java:193)\r\n	at org.apache.catalina.core.ApplicationFilterChain.doFilter(ApplicationFilterChain.java:166)\r\n	at cn.stylefeng.roses.core.xss.XssFilter.doFilter(XssFilter.java:31)\r\n	at org.apache.catalina.core.ApplicationFilterChain.internalDoFilter(ApplicationFilterChain.java:193)\r\n	at org.apache.catalina.core.ApplicationFilterChain.doFilter(ApplicationFilterChain.java:166)\r\n	at com.alibaba.druid.support.http.WebStatFilter.doFilter(WebStatFilter.java:123)\r\n	at org.apache.catalina.core.ApplicationFilterChain.internalDoFilter(ApplicationFilterChain.java:193)\r\n	at org.apache.catalina.core.ApplicationFilterChain.doFilter(ApplicationFilterChain.java:166)\r\n	at org.springframework.web.filter.RequestContextFilter.doFilterInternal(RequestContextFilter.java:99)\r\n	at org.springframework.web.filter.OncePerRequestFilter.doFilter(OncePerRequestFilter.java:107)\r\n	at org.apache.catalina.core.ApplicationFilterChain.internalDoFilter(ApplicationFilterChain.java:193)\r\n	at org.apache.catalina.core.ApplicationFilterChain.doFilter(ApplicationFilterChain.java:166)\r\n	at org.springframework.web.filter.FormContentFilter.doFilterInternal(FormContentFilter.java:92)\r\n	at org.springframework.web.filter.OncePerRequestFilter.doFilter(OncePerRequestFilter.java:107)\r\n	at org.apache.catalina.core.ApplicationFilterChain.internalDoFilter(ApplicationFilterChain.java:193)\r\n	at org.apache.catalina.core.ApplicationFilterChain.doFilter(ApplicationFilterChain.java:166)\r\n	at org.springframework.web.filter.HiddenHttpMethodFilter.doFilterInternal(HiddenHttpMethodFilter.java:93)\r\n	at org.springframework.web.filter.OncePerRequestFilter.doFilter(OncePerRequestFilter.java:107)\r\n	at org.apache.catalina.core.ApplicationFilterChain.internalDoFilter(ApplicationFilterChain.java:193)\r\n	at org.apache.catalina.core.ApplicationFilterChain.doFilter(ApplicationFilterChain.java:166)\r\n	at org.springframework.web.filter.CharacterEncodingFilter.doFilterInternal(CharacterEncodingFilter.java:200)\r\n	at org.springframework.web.filter.OncePerRequestFilter.doFilter(OncePerRequestFilter.java:107)\r\n	at org.apache.catalina.core.ApplicationFilterChain.internalDoFilter(ApplicationFilterChain.java:193)\r\n	at org.apache.catalina.core.ApplicationFilterChain.doFilter(ApplicationFilterChain.java:166)\r\n	at org.apache.catalina.core.StandardWrapperValve.invoke(StandardWrapperValve.java:199)\r\n	at org.apache.catalina.core.StandardContextValve.invoke(StandardContextValve.java:96)\r\n	at org.apache.catalina.authenticator.AuthenticatorBase.invoke(AuthenticatorBase.java:490)\r\n	at org.apache.catalina.core.StandardHostValve.invoke(StandardHostValve.java:139)\r\n	at org.apache.catalina.valves.ErrorReportValve.invoke(ErrorReportValve.java:92)\r\n	at org.apache.catalina.core.StandardEngineValve.invoke(StandardEngineValve.java:74)\r\n	at org.apache.catalina.connector.CoyoteAdapter.service(CoyoteAdapter.java:343)\r\n	at org.apache.coyote.http11.Http11Processor.service(Http11Processor.java:408)\r\n	at org.apache.coyote.AbstractProcessorLight.process(AbstractProcessorLight.java:66)\r\n	at org.apache.coyote.AbstractProtocolTConnectionHandler.process(AbstractProtocol.java:791)\r\n	at org.apache.tomcat.util.net.NioEndpointTSocketProcessor.doRun(NioEndpoint.java:1417)\r\n	at org.apache.tomcat.util.net.SocketProcessorBase.run(SocketProcessorBase.java:49)\r\n	at java.util.concurrent.ThreadPoolExecutor.runWorker(ThreadPoolExecutor.java:1149)\r\n	at java.util.concurrent.ThreadPoolExecutorTWorker.run(ThreadPoolExecutor.java:624)\r\n	at org.apache.tomcat.util.threads.TaskThreadTWrappingRunnable.run(TaskThread.java:61)\r\n	at java.lang.Thread.run(Thread.java:748)\r\n');
INSERT INTO `sys_operation_log` VALUES (1155293240149168130, '异常日志', '', 1, NULL, NULL, '2019-07-28 09:45:47', '失败', 'cn.stylefeng.roses.kernel.model.exception.ServiceException: 不能冻结超级管理员\r\n	at cn.stylefeng.guns.modular.system.controller.UserMgrController.freeze(UserMgrController.java:319)\r\n	at cn.stylefeng.guns.modular.system.controller.UserMgrControllerTTFastClassBySpringCGLIBTT7c4c2edf.invoke(<generated>)\r\n	at org.springframework.cglib.proxy.MethodProxy.invoke(MethodProxy.java:218)\r\n	at org.springframework.aop.framework.CglibAopProxyTCglibMethodInvocation.invokeJoinpoint(CglibAopProxy.java:749)\r\n	at org.springframework.aop.framework.ReflectiveMethodInvocation.proceed(ReflectiveMethodInvocation.java:163)\r\n	at org.springframework.aop.aspectj.MethodInvocationProceedingJoinPoint.proceed(MethodInvocationProceedingJoinPoint.java:88)\r\n	at cn.stylefeng.guns.core.interceptor.SessionHolderInterceptor.sessionKit(SessionHolderInterceptor.java:44)\r\n	at sun.reflect.NativeMethodAccessorImpl.invoke0(Native Method)\r\n	at sun.reflect.NativeMethodAccessorImpl.invoke(NativeMethodAccessorImpl.java:62)\r\n	at sun.reflect.DelegatingMethodAccessorImpl.invoke(DelegatingMethodAccessorImpl.java:43)\r\n	at java.lang.reflect.Method.invoke(Method.java:498)\r\n	at org.springframework.aop.aspectj.AbstractAspectJAdvice.invokeAdviceMethodWithGivenArgs(AbstractAspectJAdvice.java:644)\r\n	at org.springframework.aop.aspectj.AbstractAspectJAdvice.invokeAdviceMethod(AbstractAspectJAdvice.java:633)\r\n	at org.springframework.aop.aspectj.AspectJAroundAdvice.invoke(AspectJAroundAdvice.java:70)\r\n	at org.springframework.aop.framework.ReflectiveMethodInvocation.proceed(ReflectiveMethodInvocation.java:186)\r\n	at org.springframework.aop.aspectj.MethodInvocationProceedingJoinPoint.proceed(MethodInvocationProceedingJoinPoint.java:88)\r\n	at cn.stylefeng.guns.core.aop.LogAop.recordSysLog(LogAop.java:60)\r\n	at sun.reflect.NativeMethodAccessorImpl.invoke0(Native Method)\r\n	at sun.reflect.NativeMethodAccessorImpl.invoke(NativeMethodAccessorImpl.java:62)\r\n	at sun.reflect.DelegatingMethodAccessorImpl.invoke(DelegatingMethodAccessorImpl.java:43)\r\n	at java.lang.reflect.Method.invoke(Method.java:498)\r\n	at org.springframework.aop.aspectj.AbstractAspectJAdvice.invokeAdviceMethodWithGivenArgs(AbstractAspectJAdvice.java:644)\r\n	at org.springframework.aop.aspectj.AbstractAspectJAdvice.invokeAdviceMethod(AbstractAspectJAdvice.java:633)\r\n	at org.springframework.aop.aspectj.AspectJAroundAdvice.invoke(AspectJAroundAdvice.java:70)\r\n	at org.springframework.aop.framework.ReflectiveMethodInvocation.proceed(ReflectiveMethodInvocation.java:175)\r\n	at org.springframework.aop.aspectj.MethodInvocationProceedingJoinPoint.proceed(MethodInvocationProceedingJoinPoint.java:88)\r\n	at cn.stylefeng.guns.core.aop.PermissionAop.doPermission(PermissionAop.java:72)\r\n	at sun.reflect.NativeMethodAccessorImpl.invoke0(Native Method)\r\n	at sun.reflect.NativeMethodAccessorImpl.invoke(NativeMethodAccessorImpl.java:62)\r\n	at sun.reflect.DelegatingMethodAccessorImpl.invoke(DelegatingMethodAccessorImpl.java:43)\r\n	at java.lang.reflect.Method.invoke(Method.java:498)\r\n	at org.springframework.aop.aspectj.AbstractAspectJAdvice.invokeAdviceMethodWithGivenArgs(AbstractAspectJAdvice.java:644)\r\n	at org.springframework.aop.aspectj.AbstractAspectJAdvice.invokeAdviceMethod(AbstractAspectJAdvice.java:633)\r\n	at org.springframework.aop.aspectj.AspectJAroundAdvice.invoke(AspectJAroundAdvice.java:70)\r\n	at org.springframework.aop.framework.ReflectiveMethodInvocation.proceed(ReflectiveMethodInvocation.java:175)\r\n	at org.springframework.aop.interceptor.ExposeInvocationInterceptor.invoke(ExposeInvocationInterceptor.java:93)\r\n	at org.springframework.aop.framework.ReflectiveMethodInvocation.proceed(ReflectiveMethodInvocation.java:186)\r\n	at org.springframework.aop.framework.CglibAopProxyTDynamicAdvisedInterceptor.intercept(CglibAopProxy.java:688)\r\n	at cn.stylefeng.guns.modular.system.controller.UserMgrControllerTTEnhancerBySpringCGLIBTT8ff9be0.freeze(<generated>)\r\n	at sun.reflect.NativeMethodAccessorImpl.invoke0(Native Method)\r\n	at sun.reflect.NativeMethodAccessorImpl.invoke(NativeMethodAccessorImpl.java:62)\r\n	at sun.reflect.DelegatingMethodAccessorImpl.invoke(DelegatingMethodAccessorImpl.java:43)\r\n	at java.lang.reflect.Method.invoke(Method.java:498)\r\n	at org.springframework.web.method.support.InvocableHandlerMethod.doInvoke(InvocableHandlerMethod.java:189)\r\n	at org.springframework.web.method.support.InvocableHandlerMethod.invokeForRequest(InvocableHandlerMethod.java:138)\r\n	at org.springframework.web.servlet.mvc.method.annotation.ServletInvocableHandlerMethod.invokeAndHandle(ServletInvocableHandlerMethod.java:102)\r\n	at org.springframework.web.servlet.mvc.method.annotation.RequestMappingHandlerAdapter.invokeHandlerMethod(RequestMappingHandlerAdapter.java:895)\r\n	at org.springframework.web.servlet.mvc.method.annotation.RequestMappingHandlerAdapter.handleInternal(RequestMappingHandlerAdapter.java:800)\r\n	at org.springframework.web.servlet.mvc.method.AbstractHandlerMethodAdapter.handle(AbstractHandlerMethodAdapter.java:87)\r\n	at org.springframework.web.servlet.DispatcherServlet.doDispatch(DispatcherServlet.java:1038)\r\n	at org.springframework.web.servlet.DispatcherServlet.doService(DispatcherServlet.java:942)\r\n	at org.springframework.web.servlet.FrameworkServlet.processRequest(FrameworkServlet.java:1005)\r\n	at org.springframework.web.servlet.FrameworkServlet.doPost(FrameworkServlet.java:908)\r\n	at javax.servlet.http.HttpServlet.service(HttpServlet.java:660)\r\n	at org.springframework.web.servlet.FrameworkServlet.service(FrameworkServlet.java:882)\r\n	at javax.servlet.http.HttpServlet.service(HttpServlet.java:741)\r\n	at org.apache.catalina.core.ApplicationFilterChain.internalDoFilter(ApplicationFilterChain.java:231)\r\n	at org.apache.catalina.core.ApplicationFilterChain.doFilter(ApplicationFilterChain.java:166)\r\n	at org.apache.tomcat.websocket.server.WsFilter.doFilter(WsFilter.java:53)\r\n	at org.apache.catalina.core.ApplicationFilterChain.internalDoFilter(ApplicationFilterChain.java:193)\r\n	at org.apache.catalina.core.ApplicationFilterChain.doFilter(ApplicationFilterChain.java:166)\r\n	at org.apache.shiro.web.servlet.ProxiedFilterChain.doFilter(ProxiedFilterChain.java:61)\r\n	at org.apache.shiro.web.servlet.AdviceFilter.executeChain(AdviceFilter.java:108)\r\n	at org.apache.shiro.web.servlet.AdviceFilter.doFilterInternal(AdviceFilter.java:137)\r\n	at org.apache.shiro.web.servlet.OncePerRequestFilter.doFilter(OncePerRequestFilter.java:125)\r\n	at org.apache.shiro.web.servlet.ProxiedFilterChain.doFilter(ProxiedFilterChain.java:66)\r\n	at org.apache.shiro.web.servlet.AbstractShiroFilter.executeChain(AbstractShiroFilter.java:449)\r\n	at org.apache.shiro.web.servlet.AbstractShiroFilterT1.call(AbstractShiroFilter.java:365)\r\n	at org.apache.shiro.subject.support.SubjectCallable.doCall(SubjectCallable.java:90)\r\n	at org.apache.shiro.subject.support.SubjectCallable.call(SubjectCallable.java:83)\r\n	at org.apache.shiro.subject.support.DelegatingSubject.execute(DelegatingSubject.java:387)\r\n	at org.apache.shiro.web.servlet.AbstractShiroFilter.doFilterInternal(AbstractShiroFilter.java:362)\r\n	at org.apache.shiro.web.servlet.OncePerRequestFilter.doFilter(OncePerRequestFilter.java:125)\r\n	at org.apache.catalina.core.ApplicationFilterChain.internalDoFilter(ApplicationFilterChain.java:193)\r\n	at org.apache.catalina.core.ApplicationFilterChain.doFilter(ApplicationFilterChain.java:166)\r\n	at cn.stylefeng.roses.core.xss.XssFilter.doFilter(XssFilter.java:31)\r\n	at org.apache.catalina.core.ApplicationFilterChain.internalDoFilter(ApplicationFilterChain.java:193)\r\n	at org.apache.catalina.core.ApplicationFilterChain.doFilter(ApplicationFilterChain.java:166)\r\n	at com.alibaba.druid.support.http.WebStatFilter.doFilter(WebStatFilter.java:123)\r\n	at org.apache.catalina.core.ApplicationFilterChain.internalDoFilter(ApplicationFilterChain.java:193)\r\n	at org.apache.catalina.core.ApplicationFilterChain.doFilter(ApplicationFilterChain.java:166)\r\n	at org.springframework.web.filter.RequestContextFilter.doFilterInternal(RequestContextFilter.java:99)\r\n	at org.springframework.web.filter.OncePerRequestFilter.doFilter(OncePerRequestFilter.java:107)\r\n	at org.apache.catalina.core.ApplicationFilterChain.internalDoFilter(ApplicationFilterChain.java:193)\r\n	at org.apache.catalina.core.ApplicationFilterChain.doFilter(ApplicationFilterChain.java:166)\r\n	at org.springframework.web.filter.FormContentFilter.doFilterInternal(FormContentFilter.java:92)\r\n	at org.springframework.web.filter.OncePerRequestFilter.doFilter(OncePerRequestFilter.java:107)\r\n	at org.apache.catalina.core.ApplicationFilterChain.internalDoFilter(ApplicationFilterChain.java:193)\r\n	at org.apache.catalina.core.ApplicationFilterChain.doFilter(ApplicationFilterChain.java:166)\r\n	at org.springframework.web.filter.HiddenHttpMethodFilter.doFilterInternal(HiddenHttpMethodFilter.java:93)\r\n	at org.springframework.web.filter.OncePerRequestFilter.doFilter(OncePerRequestFilter.java:107)\r\n	at org.apache.catalina.core.ApplicationFilterChain.internalDoFilter(ApplicationFilterChain.java:193)\r\n	at org.apache.catalina.core.ApplicationFilterChain.doFilter(ApplicationFilterChain.java:166)\r\n	at org.springframework.web.filter.CharacterEncodingFilter.doFilterInternal(CharacterEncodingFilter.java:200)\r\n	at org.springframework.web.filter.OncePerRequestFilter.doFilter(OncePerRequestFilter.java:107)\r\n	at org.apache.catalina.core.ApplicationFilterChain.internalDoFilter(ApplicationFilterChain.java:193)\r\n	at org.apache.catalina.core.ApplicationFilterChain.doFilter(ApplicationFilterChain.java:166)\r\n	at org.apache.catalina.core.StandardWrapperValve.invoke(StandardWrapperValve.java:199)\r\n	at org.apache.catalina.core.StandardContextValve.invoke(StandardContextValve.java:96)\r\n	at org.apache.catalina.authenticator.AuthenticatorBase.invoke(AuthenticatorBase.java:490)\r\n	at org.apache.catalina.core.StandardHostValve.invoke(StandardHostValve.java:139)\r\n	at org.apache.catalina.valves.ErrorReportValve.invoke(ErrorReportValve.java:92)\r\n	at org.apache.catalina.core.StandardEngineValve.invoke(StandardEngineValve.java:74)\r\n	at org.apache.catalina.connector.CoyoteAdapter.service(CoyoteAdapter.java:343)\r\n	at org.apache.coyote.http11.Http11Processor.service(Http11Processor.java:408)\r\n	at org.apache.coyote.AbstractProcessorLight.process(AbstractProcessorLight.java:66)\r\n	at org.apache.coyote.AbstractProtocolTConnectionHandler.process(AbstractProtocol.java:791)\r\n	at org.apache.tomcat.util.net.NioEndpointTSocketProcessor.doRun(NioEndpoint.java:1417)\r\n	at org.apache.tomcat.util.net.SocketProcessorBase.run(SocketProcessorBase.java:49)\r\n	at java.util.concurrent.ThreadPoolExecutor.runWorker(ThreadPoolExecutor.java:1149)\r\n	at java.util.concurrent.ThreadPoolExecutorTWorker.run(ThreadPoolExecutor.java:624)\r\n	at org.apache.tomcat.util.threads.TaskThreadTWrappingRunnable.run(TaskThread.java:61)\r\n	at java.lang.Thread.run(Thread.java:748)\r\n');
INSERT INTO `sys_operation_log` VALUES (1155293240858005506, '异常日志', '', 1, NULL, NULL, '2019-07-28 09:45:48', '失败', 'cn.stylefeng.roses.kernel.model.exception.ServiceException: 不能冻结超级管理员\r\n	at cn.stylefeng.guns.modular.system.controller.UserMgrController.freeze(UserMgrController.java:319)\r\n	at cn.stylefeng.guns.modular.system.controller.UserMgrControllerTTFastClassBySpringCGLIBTT7c4c2edf.invoke(<generated>)\r\n	at org.springframework.cglib.proxy.MethodProxy.invoke(MethodProxy.java:218)\r\n	at org.springframework.aop.framework.CglibAopProxyTCglibMethodInvocation.invokeJoinpoint(CglibAopProxy.java:749)\r\n	at org.springframework.aop.framework.ReflectiveMethodInvocation.proceed(ReflectiveMethodInvocation.java:163)\r\n	at org.springframework.aop.aspectj.MethodInvocationProceedingJoinPoint.proceed(MethodInvocationProceedingJoinPoint.java:88)\r\n	at cn.stylefeng.guns.core.interceptor.SessionHolderInterceptor.sessionKit(SessionHolderInterceptor.java:44)\r\n	at sun.reflect.GeneratedMethodAccessor114.invoke(Unknown Source)\r\n	at sun.reflect.DelegatingMethodAccessorImpl.invoke(DelegatingMethodAccessorImpl.java:43)\r\n	at java.lang.reflect.Method.invoke(Method.java:498)\r\n	at org.springframework.aop.aspectj.AbstractAspectJAdvice.invokeAdviceMethodWithGivenArgs(AbstractAspectJAdvice.java:644)\r\n	at org.springframework.aop.aspectj.AbstractAspectJAdvice.invokeAdviceMethod(AbstractAspectJAdvice.java:633)\r\n	at org.springframework.aop.aspectj.AspectJAroundAdvice.invoke(AspectJAroundAdvice.java:70)\r\n	at org.springframework.aop.framework.ReflectiveMethodInvocation.proceed(ReflectiveMethodInvocation.java:186)\r\n	at org.springframework.aop.aspectj.MethodInvocationProceedingJoinPoint.proceed(MethodInvocationProceedingJoinPoint.java:88)\r\n	at cn.stylefeng.guns.core.aop.LogAop.recordSysLog(LogAop.java:60)\r\n	at sun.reflect.NativeMethodAccessorImpl.invoke0(Native Method)\r\n	at sun.reflect.NativeMethodAccessorImpl.invoke(NativeMethodAccessorImpl.java:62)\r\n	at sun.reflect.DelegatingMethodAccessorImpl.invoke(DelegatingMethodAccessorImpl.java:43)\r\n	at java.lang.reflect.Method.invoke(Method.java:498)\r\n	at org.springframework.aop.aspectj.AbstractAspectJAdvice.invokeAdviceMethodWithGivenArgs(AbstractAspectJAdvice.java:644)\r\n	at org.springframework.aop.aspectj.AbstractAspectJAdvice.invokeAdviceMethod(AbstractAspectJAdvice.java:633)\r\n	at org.springframework.aop.aspectj.AspectJAroundAdvice.invoke(AspectJAroundAdvice.java:70)\r\n	at org.springframework.aop.framework.ReflectiveMethodInvocation.proceed(ReflectiveMethodInvocation.java:175)\r\n	at org.springframework.aop.aspectj.MethodInvocationProceedingJoinPoint.proceed(MethodInvocationProceedingJoinPoint.java:88)\r\n	at cn.stylefeng.guns.core.aop.PermissionAop.doPermission(PermissionAop.java:72)\r\n	at sun.reflect.NativeMethodAccessorImpl.invoke0(Native Method)\r\n	at sun.reflect.NativeMethodAccessorImpl.invoke(NativeMethodAccessorImpl.java:62)\r\n	at sun.reflect.DelegatingMethodAccessorImpl.invoke(DelegatingMethodAccessorImpl.java:43)\r\n	at java.lang.reflect.Method.invoke(Method.java:498)\r\n	at org.springframework.aop.aspectj.AbstractAspectJAdvice.invokeAdviceMethodWithGivenArgs(AbstractAspectJAdvice.java:644)\r\n	at org.springframework.aop.aspectj.AbstractAspectJAdvice.invokeAdviceMethod(AbstractAspectJAdvice.java:633)\r\n	at org.springframework.aop.aspectj.AspectJAroundAdvice.invoke(AspectJAroundAdvice.java:70)\r\n	at org.springframework.aop.framework.ReflectiveMethodInvocation.proceed(ReflectiveMethodInvocation.java:175)\r\n	at org.springframework.aop.interceptor.ExposeInvocationInterceptor.invoke(ExposeInvocationInterceptor.java:93)\r\n	at org.springframework.aop.framework.ReflectiveMethodInvocation.proceed(ReflectiveMethodInvocation.java:186)\r\n	at org.springframework.aop.framework.CglibAopProxyTDynamicAdvisedInterceptor.intercept(CglibAopProxy.java:688)\r\n	at cn.stylefeng.guns.modular.system.controller.UserMgrControllerTTEnhancerBySpringCGLIBTT8ff9be0.freeze(<generated>)\r\n	at sun.reflect.NativeMethodAccessorImpl.invoke0(Native Method)\r\n	at sun.reflect.NativeMethodAccessorImpl.invoke(NativeMethodAccessorImpl.java:62)\r\n	at sun.reflect.DelegatingMethodAccessorImpl.invoke(DelegatingMethodAccessorImpl.java:43)\r\n	at java.lang.reflect.Method.invoke(Method.java:498)\r\n	at org.springframework.web.method.support.InvocableHandlerMethod.doInvoke(InvocableHandlerMethod.java:189)\r\n	at org.springframework.web.method.support.InvocableHandlerMethod.invokeForRequest(InvocableHandlerMethod.java:138)\r\n	at org.springframework.web.servlet.mvc.method.annotation.ServletInvocableHandlerMethod.invokeAndHandle(ServletInvocableHandlerMethod.java:102)\r\n	at org.springframework.web.servlet.mvc.method.annotation.RequestMappingHandlerAdapter.invokeHandlerMethod(RequestMappingHandlerAdapter.java:895)\r\n	at org.springframework.web.servlet.mvc.method.annotation.RequestMappingHandlerAdapter.handleInternal(RequestMappingHandlerAdapter.java:800)\r\n	at org.springframework.web.servlet.mvc.method.AbstractHandlerMethodAdapter.handle(AbstractHandlerMethodAdapter.java:87)\r\n	at org.springframework.web.servlet.DispatcherServlet.doDispatch(DispatcherServlet.java:1038)\r\n	at org.springframework.web.servlet.DispatcherServlet.doService(DispatcherServlet.java:942)\r\n	at org.springframework.web.servlet.FrameworkServlet.processRequest(FrameworkServlet.java:1005)\r\n	at org.springframework.web.servlet.FrameworkServlet.doPost(FrameworkServlet.java:908)\r\n	at javax.servlet.http.HttpServlet.service(HttpServlet.java:660)\r\n	at org.springframework.web.servlet.FrameworkServlet.service(FrameworkServlet.java:882)\r\n	at javax.servlet.http.HttpServlet.service(HttpServlet.java:741)\r\n	at org.apache.catalina.core.ApplicationFilterChain.internalDoFilter(ApplicationFilterChain.java:231)\r\n	at org.apache.catalina.core.ApplicationFilterChain.doFilter(ApplicationFilterChain.java:166)\r\n	at org.apache.tomcat.websocket.server.WsFilter.doFilter(WsFilter.java:53)\r\n	at org.apache.catalina.core.ApplicationFilterChain.internalDoFilter(ApplicationFilterChain.java:193)\r\n	at org.apache.catalina.core.ApplicationFilterChain.doFilter(ApplicationFilterChain.java:166)\r\n	at org.apache.shiro.web.servlet.ProxiedFilterChain.doFilter(ProxiedFilterChain.java:61)\r\n	at org.apache.shiro.web.servlet.AdviceFilter.executeChain(AdviceFilter.java:108)\r\n	at org.apache.shiro.web.servlet.AdviceFilter.doFilterInternal(AdviceFilter.java:137)\r\n	at org.apache.shiro.web.servlet.OncePerRequestFilter.doFilter(OncePerRequestFilter.java:125)\r\n	at org.apache.shiro.web.servlet.ProxiedFilterChain.doFilter(ProxiedFilterChain.java:66)\r\n	at org.apache.shiro.web.servlet.AbstractShiroFilter.executeChain(AbstractShiroFilter.java:449)\r\n	at org.apache.shiro.web.servlet.AbstractShiroFilterT1.call(AbstractShiroFilter.java:365)\r\n	at org.apache.shiro.subject.support.SubjectCallable.doCall(SubjectCallable.java:90)\r\n	at org.apache.shiro.subject.support.SubjectCallable.call(SubjectCallable.java:83)\r\n	at org.apache.shiro.subject.support.DelegatingSubject.execute(DelegatingSubject.java:387)\r\n	at org.apache.shiro.web.servlet.AbstractShiroFilter.doFilterInternal(AbstractShiroFilter.java:362)\r\n	at org.apache.shiro.web.servlet.OncePerRequestFilter.doFilter(OncePerRequestFilter.java:125)\r\n	at org.apache.catalina.core.ApplicationFilterChain.internalDoFilter(ApplicationFilterChain.java:193)\r\n	at org.apache.catalina.core.ApplicationFilterChain.doFilter(ApplicationFilterChain.java:166)\r\n	at cn.stylefeng.roses.core.xss.XssFilter.doFilter(XssFilter.java:31)\r\n	at org.apache.catalina.core.ApplicationFilterChain.internalDoFilter(ApplicationFilterChain.java:193)\r\n	at org.apache.catalina.core.ApplicationFilterChain.doFilter(ApplicationFilterChain.java:166)\r\n	at com.alibaba.druid.support.http.WebStatFilter.doFilter(WebStatFilter.java:123)\r\n	at org.apache.catalina.core.ApplicationFilterChain.internalDoFilter(ApplicationFilterChain.java:193)\r\n	at org.apache.catalina.core.ApplicationFilterChain.doFilter(ApplicationFilterChain.java:166)\r\n	at org.springframework.web.filter.RequestContextFilter.doFilterInternal(RequestContextFilter.java:99)\r\n	at org.springframework.web.filter.OncePerRequestFilter.doFilter(OncePerRequestFilter.java:107)\r\n	at org.apache.catalina.core.ApplicationFilterChain.internalDoFilter(ApplicationFilterChain.java:193)\r\n	at org.apache.catalina.core.ApplicationFilterChain.doFilter(ApplicationFilterChain.java:166)\r\n	at org.springframework.web.filter.FormContentFilter.doFilterInternal(FormContentFilter.java:92)\r\n	at org.springframework.web.filter.OncePerRequestFilter.doFilter(OncePerRequestFilter.java:107)\r\n	at org.apache.catalina.core.ApplicationFilterChain.internalDoFilter(ApplicationFilterChain.java:193)\r\n	at org.apache.catalina.core.ApplicationFilterChain.doFilter(ApplicationFilterChain.java:166)\r\n	at org.springframework.web.filter.HiddenHttpMethodFilter.doFilterInternal(HiddenHttpMethodFilter.java:93)\r\n	at org.springframework.web.filter.OncePerRequestFilter.doFilter(OncePerRequestFilter.java:107)\r\n	at org.apache.catalina.core.ApplicationFilterChain.internalDoFilter(ApplicationFilterChain.java:193)\r\n	at org.apache.catalina.core.ApplicationFilterChain.doFilter(ApplicationFilterChain.java:166)\r\n	at org.springframework.web.filter.CharacterEncodingFilter.doFilterInternal(CharacterEncodingFilter.java:200)\r\n	at org.springframework.web.filter.OncePerRequestFilter.doFilter(OncePerRequestFilter.java:107)\r\n	at org.apache.catalina.core.ApplicationFilterChain.internalDoFilter(ApplicationFilterChain.java:193)\r\n	at org.apache.catalina.core.ApplicationFilterChain.doFilter(ApplicationFilterChain.java:166)\r\n	at org.apache.catalina.core.StandardWrapperValve.invoke(StandardWrapperValve.java:199)\r\n	at org.apache.catalina.core.StandardContextValve.invoke(StandardContextValve.java:96)\r\n	at org.apache.catalina.authenticator.AuthenticatorBase.invoke(AuthenticatorBase.java:490)\r\n	at org.apache.catalina.core.StandardHostValve.invoke(StandardHostValve.java:139)\r\n	at org.apache.catalina.valves.ErrorReportValve.invoke(ErrorReportValve.java:92)\r\n	at org.apache.catalina.core.StandardEngineValve.invoke(StandardEngineValve.java:74)\r\n	at org.apache.catalina.connector.CoyoteAdapter.service(CoyoteAdapter.java:343)\r\n	at org.apache.coyote.http11.Http11Processor.service(Http11Processor.java:408)\r\n	at org.apache.coyote.AbstractProcessorLight.process(AbstractProcessorLight.java:66)\r\n	at org.apache.coyote.AbstractProtocolTConnectionHandler.process(AbstractProtocol.java:791)\r\n	at org.apache.tomcat.util.net.NioEndpointTSocketProcessor.doRun(NioEndpoint.java:1417)\r\n	at org.apache.tomcat.util.net.SocketProcessorBase.run(SocketProcessorBase.java:49)\r\n	at java.util.concurrent.ThreadPoolExecutor.runWorker(ThreadPoolExecutor.java:1149)\r\n	at java.util.concurrent.ThreadPoolExecutorTWorker.run(ThreadPoolExecutor.java:624)\r\n	at org.apache.tomcat.util.threads.TaskThreadTWrappingRunnable.run(TaskThread.java:61)\r\n	at java.lang.Thread.run(Thread.java:748)\r\n');
INSERT INTO `sys_operation_log` VALUES (1155293241562648578, '异常日志', '', 1, NULL, NULL, '2019-07-28 09:45:48', '失败', 'cn.stylefeng.roses.kernel.model.exception.ServiceException: 不能冻结超级管理员\r\n	at cn.stylefeng.guns.modular.system.controller.UserMgrController.freeze(UserMgrController.java:319)\r\n	at cn.stylefeng.guns.modular.system.controller.UserMgrControllerTTFastClassBySpringCGLIBTT7c4c2edf.invoke(<generated>)\r\n	at org.springframework.cglib.proxy.MethodProxy.invoke(MethodProxy.java:218)\r\n	at org.springframework.aop.framework.CglibAopProxyTCglibMethodInvocation.invokeJoinpoint(CglibAopProxy.java:749)\r\n	at org.springframework.aop.framework.ReflectiveMethodInvocation.proceed(ReflectiveMethodInvocation.java:163)\r\n	at org.springframework.aop.aspectj.MethodInvocationProceedingJoinPoint.proceed(MethodInvocationProceedingJoinPoint.java:88)\r\n	at cn.stylefeng.guns.core.interceptor.SessionHolderInterceptor.sessionKit(SessionHolderInterceptor.java:44)\r\n	at sun.reflect.GeneratedMethodAccessor114.invoke(Unknown Source)\r\n	at sun.reflect.DelegatingMethodAccessorImpl.invoke(DelegatingMethodAccessorImpl.java:43)\r\n	at java.lang.reflect.Method.invoke(Method.java:498)\r\n	at org.springframework.aop.aspectj.AbstractAspectJAdvice.invokeAdviceMethodWithGivenArgs(AbstractAspectJAdvice.java:644)\r\n	at org.springframework.aop.aspectj.AbstractAspectJAdvice.invokeAdviceMethod(AbstractAspectJAdvice.java:633)\r\n	at org.springframework.aop.aspectj.AspectJAroundAdvice.invoke(AspectJAroundAdvice.java:70)\r\n	at org.springframework.aop.framework.ReflectiveMethodInvocation.proceed(ReflectiveMethodInvocation.java:186)\r\n	at org.springframework.aop.aspectj.MethodInvocationProceedingJoinPoint.proceed(MethodInvocationProceedingJoinPoint.java:88)\r\n	at cn.stylefeng.guns.core.aop.LogAop.recordSysLog(LogAop.java:60)\r\n	at sun.reflect.NativeMethodAccessorImpl.invoke0(Native Method)\r\n	at sun.reflect.NativeMethodAccessorImpl.invoke(NativeMethodAccessorImpl.java:62)\r\n	at sun.reflect.DelegatingMethodAccessorImpl.invoke(DelegatingMethodAccessorImpl.java:43)\r\n	at java.lang.reflect.Method.invoke(Method.java:498)\r\n	at org.springframework.aop.aspectj.AbstractAspectJAdvice.invokeAdviceMethodWithGivenArgs(AbstractAspectJAdvice.java:644)\r\n	at org.springframework.aop.aspectj.AbstractAspectJAdvice.invokeAdviceMethod(AbstractAspectJAdvice.java:633)\r\n	at org.springframework.aop.aspectj.AspectJAroundAdvice.invoke(AspectJAroundAdvice.java:70)\r\n	at org.springframework.aop.framework.ReflectiveMethodInvocation.proceed(ReflectiveMethodInvocation.java:175)\r\n	at org.springframework.aop.aspectj.MethodInvocationProceedingJoinPoint.proceed(MethodInvocationProceedingJoinPoint.java:88)\r\n	at cn.stylefeng.guns.core.aop.PermissionAop.doPermission(PermissionAop.java:72)\r\n	at sun.reflect.NativeMethodAccessorImpl.invoke0(Native Method)\r\n	at sun.reflect.NativeMethodAccessorImpl.invoke(NativeMethodAccessorImpl.java:62)\r\n	at sun.reflect.DelegatingMethodAccessorImpl.invoke(DelegatingMethodAccessorImpl.java:43)\r\n	at java.lang.reflect.Method.invoke(Method.java:498)\r\n	at org.springframework.aop.aspectj.AbstractAspectJAdvice.invokeAdviceMethodWithGivenArgs(AbstractAspectJAdvice.java:644)\r\n	at org.springframework.aop.aspectj.AbstractAspectJAdvice.invokeAdviceMethod(AbstractAspectJAdvice.java:633)\r\n	at org.springframework.aop.aspectj.AspectJAroundAdvice.invoke(AspectJAroundAdvice.java:70)\r\n	at org.springframework.aop.framework.ReflectiveMethodInvocation.proceed(ReflectiveMethodInvocation.java:175)\r\n	at org.springframework.aop.interceptor.ExposeInvocationInterceptor.invoke(ExposeInvocationInterceptor.java:93)\r\n	at org.springframework.aop.framework.ReflectiveMethodInvocation.proceed(ReflectiveMethodInvocation.java:186)\r\n	at org.springframework.aop.framework.CglibAopProxyTDynamicAdvisedInterceptor.intercept(CglibAopProxy.java:688)\r\n	at cn.stylefeng.guns.modular.system.controller.UserMgrControllerTTEnhancerBySpringCGLIBTT8ff9be0.freeze(<generated>)\r\n	at sun.reflect.NativeMethodAccessorImpl.invoke0(Native Method)\r\n	at sun.reflect.NativeMethodAccessorImpl.invoke(NativeMethodAccessorImpl.java:62)\r\n	at sun.reflect.DelegatingMethodAccessorImpl.invoke(DelegatingMethodAccessorImpl.java:43)\r\n	at java.lang.reflect.Method.invoke(Method.java:498)\r\n	at org.springframework.web.method.support.InvocableHandlerMethod.doInvoke(InvocableHandlerMethod.java:189)\r\n	at org.springframework.web.method.support.InvocableHandlerMethod.invokeForRequest(InvocableHandlerMethod.java:138)\r\n	at org.springframework.web.servlet.mvc.method.annotation.ServletInvocableHandlerMethod.invokeAndHandle(ServletInvocableHandlerMethod.java:102)\r\n	at org.springframework.web.servlet.mvc.method.annotation.RequestMappingHandlerAdapter.invokeHandlerMethod(RequestMappingHandlerAdapter.java:895)\r\n	at org.springframework.web.servlet.mvc.method.annotation.RequestMappingHandlerAdapter.handleInternal(RequestMappingHandlerAdapter.java:800)\r\n	at org.springframework.web.servlet.mvc.method.AbstractHandlerMethodAdapter.handle(AbstractHandlerMethodAdapter.java:87)\r\n	at org.springframework.web.servlet.DispatcherServlet.doDispatch(DispatcherServlet.java:1038)\r\n	at org.springframework.web.servlet.DispatcherServlet.doService(DispatcherServlet.java:942)\r\n	at org.springframework.web.servlet.FrameworkServlet.processRequest(FrameworkServlet.java:1005)\r\n	at org.springframework.web.servlet.FrameworkServlet.doPost(FrameworkServlet.java:908)\r\n	at javax.servlet.http.HttpServlet.service(HttpServlet.java:660)\r\n	at org.springframework.web.servlet.FrameworkServlet.service(FrameworkServlet.java:882)\r\n	at javax.servlet.http.HttpServlet.service(HttpServlet.java:741)\r\n	at org.apache.catalina.core.ApplicationFilterChain.internalDoFilter(ApplicationFilterChain.java:231)\r\n	at org.apache.catalina.core.ApplicationFilterChain.doFilter(ApplicationFilterChain.java:166)\r\n	at org.apache.tomcat.websocket.server.WsFilter.doFilter(WsFilter.java:53)\r\n	at org.apache.catalina.core.ApplicationFilterChain.internalDoFilter(ApplicationFilterChain.java:193)\r\n	at org.apache.catalina.core.ApplicationFilterChain.doFilter(ApplicationFilterChain.java:166)\r\n	at org.apache.shiro.web.servlet.ProxiedFilterChain.doFilter(ProxiedFilterChain.java:61)\r\n	at org.apache.shiro.web.servlet.AdviceFilter.executeChain(AdviceFilter.java:108)\r\n	at org.apache.shiro.web.servlet.AdviceFilter.doFilterInternal(AdviceFilter.java:137)\r\n	at org.apache.shiro.web.servlet.OncePerRequestFilter.doFilter(OncePerRequestFilter.java:125)\r\n	at org.apache.shiro.web.servlet.ProxiedFilterChain.doFilter(ProxiedFilterChain.java:66)\r\n	at org.apache.shiro.web.servlet.AbstractShiroFilter.executeChain(AbstractShiroFilter.java:449)\r\n	at org.apache.shiro.web.servlet.AbstractShiroFilterT1.call(AbstractShiroFilter.java:365)\r\n	at org.apache.shiro.subject.support.SubjectCallable.doCall(SubjectCallable.java:90)\r\n	at org.apache.shiro.subject.support.SubjectCallable.call(SubjectCallable.java:83)\r\n	at org.apache.shiro.subject.support.DelegatingSubject.execute(DelegatingSubject.java:387)\r\n	at org.apache.shiro.web.servlet.AbstractShiroFilter.doFilterInternal(AbstractShiroFilter.java:362)\r\n	at org.apache.shiro.web.servlet.OncePerRequestFilter.doFilter(OncePerRequestFilter.java:125)\r\n	at org.apache.catalina.core.ApplicationFilterChain.internalDoFilter(ApplicationFilterChain.java:193)\r\n	at org.apache.catalina.core.ApplicationFilterChain.doFilter(ApplicationFilterChain.java:166)\r\n	at cn.stylefeng.roses.core.xss.XssFilter.doFilter(XssFilter.java:31)\r\n	at org.apache.catalina.core.ApplicationFilterChain.internalDoFilter(ApplicationFilterChain.java:193)\r\n	at org.apache.catalina.core.ApplicationFilterChain.doFilter(ApplicationFilterChain.java:166)\r\n	at com.alibaba.druid.support.http.WebStatFilter.doFilter(WebStatFilter.java:123)\r\n	at org.apache.catalina.core.ApplicationFilterChain.internalDoFilter(ApplicationFilterChain.java:193)\r\n	at org.apache.catalina.core.ApplicationFilterChain.doFilter(ApplicationFilterChain.java:166)\r\n	at org.springframework.web.filter.RequestContextFilter.doFilterInternal(RequestContextFilter.java:99)\r\n	at org.springframework.web.filter.OncePerRequestFilter.doFilter(OncePerRequestFilter.java:107)\r\n	at org.apache.catalina.core.ApplicationFilterChain.internalDoFilter(ApplicationFilterChain.java:193)\r\n	at org.apache.catalina.core.ApplicationFilterChain.doFilter(ApplicationFilterChain.java:166)\r\n	at org.springframework.web.filter.FormContentFilter.doFilterInternal(FormContentFilter.java:92)\r\n	at org.springframework.web.filter.OncePerRequestFilter.doFilter(OncePerRequestFilter.java:107)\r\n	at org.apache.catalina.core.ApplicationFilterChain.internalDoFilter(ApplicationFilterChain.java:193)\r\n	at org.apache.catalina.core.ApplicationFilterChain.doFilter(ApplicationFilterChain.java:166)\r\n	at org.springframework.web.filter.HiddenHttpMethodFilter.doFilterInternal(HiddenHttpMethodFilter.java:93)\r\n	at org.springframework.web.filter.OncePerRequestFilter.doFilter(OncePerRequestFilter.java:107)\r\n	at org.apache.catalina.core.ApplicationFilterChain.internalDoFilter(ApplicationFilterChain.java:193)\r\n	at org.apache.catalina.core.ApplicationFilterChain.doFilter(ApplicationFilterChain.java:166)\r\n	at org.springframework.web.filter.CharacterEncodingFilter.doFilterInternal(CharacterEncodingFilter.java:200)\r\n	at org.springframework.web.filter.OncePerRequestFilter.doFilter(OncePerRequestFilter.java:107)\r\n	at org.apache.catalina.core.ApplicationFilterChain.internalDoFilter(ApplicationFilterChain.java:193)\r\n	at org.apache.catalina.core.ApplicationFilterChain.doFilter(ApplicationFilterChain.java:166)\r\n	at org.apache.catalina.core.StandardWrapperValve.invoke(StandardWrapperValve.java:199)\r\n	at org.apache.catalina.core.StandardContextValve.invoke(StandardContextValve.java:96)\r\n	at org.apache.catalina.authenticator.AuthenticatorBase.invoke(AuthenticatorBase.java:490)\r\n	at org.apache.catalina.core.StandardHostValve.invoke(StandardHostValve.java:139)\r\n	at org.apache.catalina.valves.ErrorReportValve.invoke(ErrorReportValve.java:92)\r\n	at org.apache.catalina.core.StandardEngineValve.invoke(StandardEngineValve.java:74)\r\n	at org.apache.catalina.connector.CoyoteAdapter.service(CoyoteAdapter.java:343)\r\n	at org.apache.coyote.http11.Http11Processor.service(Http11Processor.java:408)\r\n	at org.apache.coyote.AbstractProcessorLight.process(AbstractProcessorLight.java:66)\r\n	at org.apache.coyote.AbstractProtocolTConnectionHandler.process(AbstractProtocol.java:791)\r\n	at org.apache.tomcat.util.net.NioEndpointTSocketProcessor.doRun(NioEndpoint.java:1417)\r\n	at org.apache.tomcat.util.net.SocketProcessorBase.run(SocketProcessorBase.java:49)\r\n	at java.util.concurrent.ThreadPoolExecutor.runWorker(ThreadPoolExecutor.java:1149)\r\n	at java.util.concurrent.ThreadPoolExecutorTWorker.run(ThreadPoolExecutor.java:624)\r\n	at org.apache.tomcat.util.threads.TaskThreadTWrappingRunnable.run(TaskThread.java:61)\r\n	at java.lang.Thread.run(Thread.java:748)\r\n');
INSERT INTO `sys_operation_log` VALUES (1155293242309234690, '异常日志', '', 1, NULL, NULL, '2019-07-28 09:45:48', '失败', 'cn.stylefeng.roses.kernel.model.exception.ServiceException: 不能冻结超级管理员\r\n	at cn.stylefeng.guns.modular.system.controller.UserMgrController.freeze(UserMgrController.java:319)\r\n	at cn.stylefeng.guns.modular.system.controller.UserMgrControllerTTFastClassBySpringCGLIBTT7c4c2edf.invoke(<generated>)\r\n	at org.springframework.cglib.proxy.MethodProxy.invoke(MethodProxy.java:218)\r\n	at org.springframework.aop.framework.CglibAopProxyTCglibMethodInvocation.invokeJoinpoint(CglibAopProxy.java:749)\r\n	at org.springframework.aop.framework.ReflectiveMethodInvocation.proceed(ReflectiveMethodInvocation.java:163)\r\n	at org.springframework.aop.aspectj.MethodInvocationProceedingJoinPoint.proceed(MethodInvocationProceedingJoinPoint.java:88)\r\n	at cn.stylefeng.guns.core.interceptor.SessionHolderInterceptor.sessionKit(SessionHolderInterceptor.java:44)\r\n	at sun.reflect.GeneratedMethodAccessor114.invoke(Unknown Source)\r\n	at sun.reflect.DelegatingMethodAccessorImpl.invoke(DelegatingMethodAccessorImpl.java:43)\r\n	at java.lang.reflect.Method.invoke(Method.java:498)\r\n	at org.springframework.aop.aspectj.AbstractAspectJAdvice.invokeAdviceMethodWithGivenArgs(AbstractAspectJAdvice.java:644)\r\n	at org.springframework.aop.aspectj.AbstractAspectJAdvice.invokeAdviceMethod(AbstractAspectJAdvice.java:633)\r\n	at org.springframework.aop.aspectj.AspectJAroundAdvice.invoke(AspectJAroundAdvice.java:70)\r\n	at org.springframework.aop.framework.ReflectiveMethodInvocation.proceed(ReflectiveMethodInvocation.java:186)\r\n	at org.springframework.aop.aspectj.MethodInvocationProceedingJoinPoint.proceed(MethodInvocationProceedingJoinPoint.java:88)\r\n	at cn.stylefeng.guns.core.aop.LogAop.recordSysLog(LogAop.java:60)\r\n	at sun.reflect.NativeMethodAccessorImpl.invoke0(Native Method)\r\n	at sun.reflect.NativeMethodAccessorImpl.invoke(NativeMethodAccessorImpl.java:62)\r\n	at sun.reflect.DelegatingMethodAccessorImpl.invoke(DelegatingMethodAccessorImpl.java:43)\r\n	at java.lang.reflect.Method.invoke(Method.java:498)\r\n	at org.springframework.aop.aspectj.AbstractAspectJAdvice.invokeAdviceMethodWithGivenArgs(AbstractAspectJAdvice.java:644)\r\n	at org.springframework.aop.aspectj.AbstractAspectJAdvice.invokeAdviceMethod(AbstractAspectJAdvice.java:633)\r\n	at org.springframework.aop.aspectj.AspectJAroundAdvice.invoke(AspectJAroundAdvice.java:70)\r\n	at org.springframework.aop.framework.ReflectiveMethodInvocation.proceed(ReflectiveMethodInvocation.java:175)\r\n	at org.springframework.aop.aspectj.MethodInvocationProceedingJoinPoint.proceed(MethodInvocationProceedingJoinPoint.java:88)\r\n	at cn.stylefeng.guns.core.aop.PermissionAop.doPermission(PermissionAop.java:72)\r\n	at sun.reflect.NativeMethodAccessorImpl.invoke0(Native Method)\r\n	at sun.reflect.NativeMethodAccessorImpl.invoke(NativeMethodAccessorImpl.java:62)\r\n	at sun.reflect.DelegatingMethodAccessorImpl.invoke(DelegatingMethodAccessorImpl.java:43)\r\n	at java.lang.reflect.Method.invoke(Method.java:498)\r\n	at org.springframework.aop.aspectj.AbstractAspectJAdvice.invokeAdviceMethodWithGivenArgs(AbstractAspectJAdvice.java:644)\r\n	at org.springframework.aop.aspectj.AbstractAspectJAdvice.invokeAdviceMethod(AbstractAspectJAdvice.java:633)\r\n	at org.springframework.aop.aspectj.AspectJAroundAdvice.invoke(AspectJAroundAdvice.java:70)\r\n	at org.springframework.aop.framework.ReflectiveMethodInvocation.proceed(ReflectiveMethodInvocation.java:175)\r\n	at org.springframework.aop.interceptor.ExposeInvocationInterceptor.invoke(ExposeInvocationInterceptor.java:93)\r\n	at org.springframework.aop.framework.ReflectiveMethodInvocation.proceed(ReflectiveMethodInvocation.java:186)\r\n	at org.springframework.aop.framework.CglibAopProxyTDynamicAdvisedInterceptor.intercept(CglibAopProxy.java:688)\r\n	at cn.stylefeng.guns.modular.system.controller.UserMgrControllerTTEnhancerBySpringCGLIBTT8ff9be0.freeze(<generated>)\r\n	at sun.reflect.NativeMethodAccessorImpl.invoke0(Native Method)\r\n	at sun.reflect.NativeMethodAccessorImpl.invoke(NativeMethodAccessorImpl.java:62)\r\n	at sun.reflect.DelegatingMethodAccessorImpl.invoke(DelegatingMethodAccessorImpl.java:43)\r\n	at java.lang.reflect.Method.invoke(Method.java:498)\r\n	at org.springframework.web.method.support.InvocableHandlerMethod.doInvoke(InvocableHandlerMethod.java:189)\r\n	at org.springframework.web.method.support.InvocableHandlerMethod.invokeForRequest(InvocableHandlerMethod.java:138)\r\n	at org.springframework.web.servlet.mvc.method.annotation.ServletInvocableHandlerMethod.invokeAndHandle(ServletInvocableHandlerMethod.java:102)\r\n	at org.springframework.web.servlet.mvc.method.annotation.RequestMappingHandlerAdapter.invokeHandlerMethod(RequestMappingHandlerAdapter.java:895)\r\n	at org.springframework.web.servlet.mvc.method.annotation.RequestMappingHandlerAdapter.handleInternal(RequestMappingHandlerAdapter.java:800)\r\n	at org.springframework.web.servlet.mvc.method.AbstractHandlerMethodAdapter.handle(AbstractHandlerMethodAdapter.java:87)\r\n	at org.springframework.web.servlet.DispatcherServlet.doDispatch(DispatcherServlet.java:1038)\r\n	at org.springframework.web.servlet.DispatcherServlet.doService(DispatcherServlet.java:942)\r\n	at org.springframework.web.servlet.FrameworkServlet.processRequest(FrameworkServlet.java:1005)\r\n	at org.springframework.web.servlet.FrameworkServlet.doPost(FrameworkServlet.java:908)\r\n	at javax.servlet.http.HttpServlet.service(HttpServlet.java:660)\r\n	at org.springframework.web.servlet.FrameworkServlet.service(FrameworkServlet.java:882)\r\n	at javax.servlet.http.HttpServlet.service(HttpServlet.java:741)\r\n	at org.apache.catalina.core.ApplicationFilterChain.internalDoFilter(ApplicationFilterChain.java:231)\r\n	at org.apache.catalina.core.ApplicationFilterChain.doFilter(ApplicationFilterChain.java:166)\r\n	at org.apache.tomcat.websocket.server.WsFilter.doFilter(WsFilter.java:53)\r\n	at org.apache.catalina.core.ApplicationFilterChain.internalDoFilter(ApplicationFilterChain.java:193)\r\n	at org.apache.catalina.core.ApplicationFilterChain.doFilter(ApplicationFilterChain.java:166)\r\n	at org.apache.shiro.web.servlet.ProxiedFilterChain.doFilter(ProxiedFilterChain.java:61)\r\n	at org.apache.shiro.web.servlet.AdviceFilter.executeChain(AdviceFilter.java:108)\r\n	at org.apache.shiro.web.servlet.AdviceFilter.doFilterInternal(AdviceFilter.java:137)\r\n	at org.apache.shiro.web.servlet.OncePerRequestFilter.doFilter(OncePerRequestFilter.java:125)\r\n	at org.apache.shiro.web.servlet.ProxiedFilterChain.doFilter(ProxiedFilterChain.java:66)\r\n	at org.apache.shiro.web.servlet.AbstractShiroFilter.executeChain(AbstractShiroFilter.java:449)\r\n	at org.apache.shiro.web.servlet.AbstractShiroFilterT1.call(AbstractShiroFilter.java:365)\r\n	at org.apache.shiro.subject.support.SubjectCallable.doCall(SubjectCallable.java:90)\r\n	at org.apache.shiro.subject.support.SubjectCallable.call(SubjectCallable.java:83)\r\n	at org.apache.shiro.subject.support.DelegatingSubject.execute(DelegatingSubject.java:387)\r\n	at org.apache.shiro.web.servlet.AbstractShiroFilter.doFilterInternal(AbstractShiroFilter.java:362)\r\n	at org.apache.shiro.web.servlet.OncePerRequestFilter.doFilter(OncePerRequestFilter.java:125)\r\n	at org.apache.catalina.core.ApplicationFilterChain.internalDoFilter(ApplicationFilterChain.java:193)\r\n	at org.apache.catalina.core.ApplicationFilterChain.doFilter(ApplicationFilterChain.java:166)\r\n	at cn.stylefeng.roses.core.xss.XssFilter.doFilter(XssFilter.java:31)\r\n	at org.apache.catalina.core.ApplicationFilterChain.internalDoFilter(ApplicationFilterChain.java:193)\r\n	at org.apache.catalina.core.ApplicationFilterChain.doFilter(ApplicationFilterChain.java:166)\r\n	at com.alibaba.druid.support.http.WebStatFilter.doFilter(WebStatFilter.java:123)\r\n	at org.apache.catalina.core.ApplicationFilterChain.internalDoFilter(ApplicationFilterChain.java:193)\r\n	at org.apache.catalina.core.ApplicationFilterChain.doFilter(ApplicationFilterChain.java:166)\r\n	at org.springframework.web.filter.RequestContextFilter.doFilterInternal(RequestContextFilter.java:99)\r\n	at org.springframework.web.filter.OncePerRequestFilter.doFilter(OncePerRequestFilter.java:107)\r\n	at org.apache.catalina.core.ApplicationFilterChain.internalDoFilter(ApplicationFilterChain.java:193)\r\n	at org.apache.catalina.core.ApplicationFilterChain.doFilter(ApplicationFilterChain.java:166)\r\n	at org.springframework.web.filter.FormContentFilter.doFilterInternal(FormContentFilter.java:92)\r\n	at org.springframework.web.filter.OncePerRequestFilter.doFilter(OncePerRequestFilter.java:107)\r\n	at org.apache.catalina.core.ApplicationFilterChain.internalDoFilter(ApplicationFilterChain.java:193)\r\n	at org.apache.catalina.core.ApplicationFilterChain.doFilter(ApplicationFilterChain.java:166)\r\n	at org.springframework.web.filter.HiddenHttpMethodFilter.doFilterInternal(HiddenHttpMethodFilter.java:93)\r\n	at org.springframework.web.filter.OncePerRequestFilter.doFilter(OncePerRequestFilter.java:107)\r\n	at org.apache.catalina.core.ApplicationFilterChain.internalDoFilter(ApplicationFilterChain.java:193)\r\n	at org.apache.catalina.core.ApplicationFilterChain.doFilter(ApplicationFilterChain.java:166)\r\n	at org.springframework.web.filter.CharacterEncodingFilter.doFilterInternal(CharacterEncodingFilter.java:200)\r\n	at org.springframework.web.filter.OncePerRequestFilter.doFilter(OncePerRequestFilter.java:107)\r\n	at org.apache.catalina.core.ApplicationFilterChain.internalDoFilter(ApplicationFilterChain.java:193)\r\n	at org.apache.catalina.core.ApplicationFilterChain.doFilter(ApplicationFilterChain.java:166)\r\n	at org.apache.catalina.core.StandardWrapperValve.invoke(StandardWrapperValve.java:199)\r\n	at org.apache.catalina.core.StandardContextValve.invoke(StandardContextValve.java:96)\r\n	at org.apache.catalina.authenticator.AuthenticatorBase.invoke(AuthenticatorBase.java:490)\r\n	at org.apache.catalina.core.StandardHostValve.invoke(StandardHostValve.java:139)\r\n	at org.apache.catalina.valves.ErrorReportValve.invoke(ErrorReportValve.java:92)\r\n	at org.apache.catalina.core.StandardEngineValve.invoke(StandardEngineValve.java:74)\r\n	at org.apache.catalina.connector.CoyoteAdapter.service(CoyoteAdapter.java:343)\r\n	at org.apache.coyote.http11.Http11Processor.service(Http11Processor.java:408)\r\n	at org.apache.coyote.AbstractProcessorLight.process(AbstractProcessorLight.java:66)\r\n	at org.apache.coyote.AbstractProtocolTConnectionHandler.process(AbstractProtocol.java:791)\r\n	at org.apache.tomcat.util.net.NioEndpointTSocketProcessor.doRun(NioEndpoint.java:1417)\r\n	at org.apache.tomcat.util.net.SocketProcessorBase.run(SocketProcessorBase.java:49)\r\n	at java.util.concurrent.ThreadPoolExecutor.runWorker(ThreadPoolExecutor.java:1149)\r\n	at java.util.concurrent.ThreadPoolExecutorTWorker.run(ThreadPoolExecutor.java:624)\r\n	at org.apache.tomcat.util.threads.TaskThreadTWrappingRunnable.run(TaskThread.java:61)\r\n	at java.lang.Thread.run(Thread.java:748)\r\n');
INSERT INTO `sys_operation_log` VALUES (1155293243005489153, '异常日志', '', 1, NULL, NULL, '2019-07-28 09:45:48', '失败', 'cn.stylefeng.roses.kernel.model.exception.ServiceException: 不能冻结超级管理员\r\n	at cn.stylefeng.guns.modular.system.controller.UserMgrController.freeze(UserMgrController.java:319)\r\n	at cn.stylefeng.guns.modular.system.controller.UserMgrControllerTTFastClassBySpringCGLIBTT7c4c2edf.invoke(<generated>)\r\n	at org.springframework.cglib.proxy.MethodProxy.invoke(MethodProxy.java:218)\r\n	at org.springframework.aop.framework.CglibAopProxyTCglibMethodInvocation.invokeJoinpoint(CglibAopProxy.java:749)\r\n	at org.springframework.aop.framework.ReflectiveMethodInvocation.proceed(ReflectiveMethodInvocation.java:163)\r\n	at org.springframework.aop.aspectj.MethodInvocationProceedingJoinPoint.proceed(MethodInvocationProceedingJoinPoint.java:88)\r\n	at cn.stylefeng.guns.core.interceptor.SessionHolderInterceptor.sessionKit(SessionHolderInterceptor.java:44)\r\n	at sun.reflect.GeneratedMethodAccessor114.invoke(Unknown Source)\r\n	at sun.reflect.DelegatingMethodAccessorImpl.invoke(DelegatingMethodAccessorImpl.java:43)\r\n	at java.lang.reflect.Method.invoke(Method.java:498)\r\n	at org.springframework.aop.aspectj.AbstractAspectJAdvice.invokeAdviceMethodWithGivenArgs(AbstractAspectJAdvice.java:644)\r\n	at org.springframework.aop.aspectj.AbstractAspectJAdvice.invokeAdviceMethod(AbstractAspectJAdvice.java:633)\r\n	at org.springframework.aop.aspectj.AspectJAroundAdvice.invoke(AspectJAroundAdvice.java:70)\r\n	at org.springframework.aop.framework.ReflectiveMethodInvocation.proceed(ReflectiveMethodInvocation.java:186)\r\n	at org.springframework.aop.aspectj.MethodInvocationProceedingJoinPoint.proceed(MethodInvocationProceedingJoinPoint.java:88)\r\n	at cn.stylefeng.guns.core.aop.LogAop.recordSysLog(LogAop.java:60)\r\n	at sun.reflect.NativeMethodAccessorImpl.invoke0(Native Method)\r\n	at sun.reflect.NativeMethodAccessorImpl.invoke(NativeMethodAccessorImpl.java:62)\r\n	at sun.reflect.DelegatingMethodAccessorImpl.invoke(DelegatingMethodAccessorImpl.java:43)\r\n	at java.lang.reflect.Method.invoke(Method.java:498)\r\n	at org.springframework.aop.aspectj.AbstractAspectJAdvice.invokeAdviceMethodWithGivenArgs(AbstractAspectJAdvice.java:644)\r\n	at org.springframework.aop.aspectj.AbstractAspectJAdvice.invokeAdviceMethod(AbstractAspectJAdvice.java:633)\r\n	at org.springframework.aop.aspectj.AspectJAroundAdvice.invoke(AspectJAroundAdvice.java:70)\r\n	at org.springframework.aop.framework.ReflectiveMethodInvocation.proceed(ReflectiveMethodInvocation.java:175)\r\n	at org.springframework.aop.aspectj.MethodInvocationProceedingJoinPoint.proceed(MethodInvocationProceedingJoinPoint.java:88)\r\n	at cn.stylefeng.guns.core.aop.PermissionAop.doPermission(PermissionAop.java:72)\r\n	at sun.reflect.NativeMethodAccessorImpl.invoke0(Native Method)\r\n	at sun.reflect.NativeMethodAccessorImpl.invoke(NativeMethodAccessorImpl.java:62)\r\n	at sun.reflect.DelegatingMethodAccessorImpl.invoke(DelegatingMethodAccessorImpl.java:43)\r\n	at java.lang.reflect.Method.invoke(Method.java:498)\r\n	at org.springframework.aop.aspectj.AbstractAspectJAdvice.invokeAdviceMethodWithGivenArgs(AbstractAspectJAdvice.java:644)\r\n	at org.springframework.aop.aspectj.AbstractAspectJAdvice.invokeAdviceMethod(AbstractAspectJAdvice.java:633)\r\n	at org.springframework.aop.aspectj.AspectJAroundAdvice.invoke(AspectJAroundAdvice.java:70)\r\n	at org.springframework.aop.framework.ReflectiveMethodInvocation.proceed(ReflectiveMethodInvocation.java:175)\r\n	at org.springframework.aop.interceptor.ExposeInvocationInterceptor.invoke(ExposeInvocationInterceptor.java:93)\r\n	at org.springframework.aop.framework.ReflectiveMethodInvocation.proceed(ReflectiveMethodInvocation.java:186)\r\n	at org.springframework.aop.framework.CglibAopProxyTDynamicAdvisedInterceptor.intercept(CglibAopProxy.java:688)\r\n	at cn.stylefeng.guns.modular.system.controller.UserMgrControllerTTEnhancerBySpringCGLIBTT8ff9be0.freeze(<generated>)\r\n	at sun.reflect.NativeMethodAccessorImpl.invoke0(Native Method)\r\n	at sun.reflect.NativeMethodAccessorImpl.invoke(NativeMethodAccessorImpl.java:62)\r\n	at sun.reflect.DelegatingMethodAccessorImpl.invoke(DelegatingMethodAccessorImpl.java:43)\r\n	at java.lang.reflect.Method.invoke(Method.java:498)\r\n	at org.springframework.web.method.support.InvocableHandlerMethod.doInvoke(InvocableHandlerMethod.java:189)\r\n	at org.springframework.web.method.support.InvocableHandlerMethod.invokeForRequest(InvocableHandlerMethod.java:138)\r\n	at org.springframework.web.servlet.mvc.method.annotation.ServletInvocableHandlerMethod.invokeAndHandle(ServletInvocableHandlerMethod.java:102)\r\n	at org.springframework.web.servlet.mvc.method.annotation.RequestMappingHandlerAdapter.invokeHandlerMethod(RequestMappingHandlerAdapter.java:895)\r\n	at org.springframework.web.servlet.mvc.method.annotation.RequestMappingHandlerAdapter.handleInternal(RequestMappingHandlerAdapter.java:800)\r\n	at org.springframework.web.servlet.mvc.method.AbstractHandlerMethodAdapter.handle(AbstractHandlerMethodAdapter.java:87)\r\n	at org.springframework.web.servlet.DispatcherServlet.doDispatch(DispatcherServlet.java:1038)\r\n	at org.springframework.web.servlet.DispatcherServlet.doService(DispatcherServlet.java:942)\r\n	at org.springframework.web.servlet.FrameworkServlet.processRequest(FrameworkServlet.java:1005)\r\n	at org.springframework.web.servlet.FrameworkServlet.doPost(FrameworkServlet.java:908)\r\n	at javax.servlet.http.HttpServlet.service(HttpServlet.java:660)\r\n	at org.springframework.web.servlet.FrameworkServlet.service(FrameworkServlet.java:882)\r\n	at javax.servlet.http.HttpServlet.service(HttpServlet.java:741)\r\n	at org.apache.catalina.core.ApplicationFilterChain.internalDoFilter(ApplicationFilterChain.java:231)\r\n	at org.apache.catalina.core.ApplicationFilterChain.doFilter(ApplicationFilterChain.java:166)\r\n	at org.apache.tomcat.websocket.server.WsFilter.doFilter(WsFilter.java:53)\r\n	at org.apache.catalina.core.ApplicationFilterChain.internalDoFilter(ApplicationFilterChain.java:193)\r\n	at org.apache.catalina.core.ApplicationFilterChain.doFilter(ApplicationFilterChain.java:166)\r\n	at org.apache.shiro.web.servlet.ProxiedFilterChain.doFilter(ProxiedFilterChain.java:61)\r\n	at org.apache.shiro.web.servlet.AdviceFilter.executeChain(AdviceFilter.java:108)\r\n	at org.apache.shiro.web.servlet.AdviceFilter.doFilterInternal(AdviceFilter.java:137)\r\n	at org.apache.shiro.web.servlet.OncePerRequestFilter.doFilter(OncePerRequestFilter.java:125)\r\n	at org.apache.shiro.web.servlet.ProxiedFilterChain.doFilter(ProxiedFilterChain.java:66)\r\n	at org.apache.shiro.web.servlet.AbstractShiroFilter.executeChain(AbstractShiroFilter.java:449)\r\n	at org.apache.shiro.web.servlet.AbstractShiroFilterT1.call(AbstractShiroFilter.java:365)\r\n	at org.apache.shiro.subject.support.SubjectCallable.doCall(SubjectCallable.java:90)\r\n	at org.apache.shiro.subject.support.SubjectCallable.call(SubjectCallable.java:83)\r\n	at org.apache.shiro.subject.support.DelegatingSubject.execute(DelegatingSubject.java:387)\r\n	at org.apache.shiro.web.servlet.AbstractShiroFilter.doFilterInternal(AbstractShiroFilter.java:362)\r\n	at org.apache.shiro.web.servlet.OncePerRequestFilter.doFilter(OncePerRequestFilter.java:125)\r\n	at org.apache.catalina.core.ApplicationFilterChain.internalDoFilter(ApplicationFilterChain.java:193)\r\n	at org.apache.catalina.core.ApplicationFilterChain.doFilter(ApplicationFilterChain.java:166)\r\n	at cn.stylefeng.roses.core.xss.XssFilter.doFilter(XssFilter.java:31)\r\n	at org.apache.catalina.core.ApplicationFilterChain.internalDoFilter(ApplicationFilterChain.java:193)\r\n	at org.apache.catalina.core.ApplicationFilterChain.doFilter(ApplicationFilterChain.java:166)\r\n	at com.alibaba.druid.support.http.WebStatFilter.doFilter(WebStatFilter.java:123)\r\n	at org.apache.catalina.core.ApplicationFilterChain.internalDoFilter(ApplicationFilterChain.java:193)\r\n	at org.apache.catalina.core.ApplicationFilterChain.doFilter(ApplicationFilterChain.java:166)\r\n	at org.springframework.web.filter.RequestContextFilter.doFilterInternal(RequestContextFilter.java:99)\r\n	at org.springframework.web.filter.OncePerRequestFilter.doFilter(OncePerRequestFilter.java:107)\r\n	at org.apache.catalina.core.ApplicationFilterChain.internalDoFilter(ApplicationFilterChain.java:193)\r\n	at org.apache.catalina.core.ApplicationFilterChain.doFilter(ApplicationFilterChain.java:166)\r\n	at org.springframework.web.filter.FormContentFilter.doFilterInternal(FormContentFilter.java:92)\r\n	at org.springframework.web.filter.OncePerRequestFilter.doFilter(OncePerRequestFilter.java:107)\r\n	at org.apache.catalina.core.ApplicationFilterChain.internalDoFilter(ApplicationFilterChain.java:193)\r\n	at org.apache.catalina.core.ApplicationFilterChain.doFilter(ApplicationFilterChain.java:166)\r\n	at org.springframework.web.filter.HiddenHttpMethodFilter.doFilterInternal(HiddenHttpMethodFilter.java:93)\r\n	at org.springframework.web.filter.OncePerRequestFilter.doFilter(OncePerRequestFilter.java:107)\r\n	at org.apache.catalina.core.ApplicationFilterChain.internalDoFilter(ApplicationFilterChain.java:193)\r\n	at org.apache.catalina.core.ApplicationFilterChain.doFilter(ApplicationFilterChain.java:166)\r\n	at org.springframework.web.filter.CharacterEncodingFilter.doFilterInternal(CharacterEncodingFilter.java:200)\r\n	at org.springframework.web.filter.OncePerRequestFilter.doFilter(OncePerRequestFilter.java:107)\r\n	at org.apache.catalina.core.ApplicationFilterChain.internalDoFilter(ApplicationFilterChain.java:193)\r\n	at org.apache.catalina.core.ApplicationFilterChain.doFilter(ApplicationFilterChain.java:166)\r\n	at org.apache.catalina.core.StandardWrapperValve.invoke(StandardWrapperValve.java:199)\r\n	at org.apache.catalina.core.StandardContextValve.invoke(StandardContextValve.java:96)\r\n	at org.apache.catalina.authenticator.AuthenticatorBase.invoke(AuthenticatorBase.java:490)\r\n	at org.apache.catalina.core.StandardHostValve.invoke(StandardHostValve.java:139)\r\n	at org.apache.catalina.valves.ErrorReportValve.invoke(ErrorReportValve.java:92)\r\n	at org.apache.catalina.core.StandardEngineValve.invoke(StandardEngineValve.java:74)\r\n	at org.apache.catalina.connector.CoyoteAdapter.service(CoyoteAdapter.java:343)\r\n	at org.apache.coyote.http11.Http11Processor.service(Http11Processor.java:408)\r\n	at org.apache.coyote.AbstractProcessorLight.process(AbstractProcessorLight.java:66)\r\n	at org.apache.coyote.AbstractProtocolTConnectionHandler.process(AbstractProtocol.java:791)\r\n	at org.apache.tomcat.util.net.NioEndpointTSocketProcessor.doRun(NioEndpoint.java:1417)\r\n	at org.apache.tomcat.util.net.SocketProcessorBase.run(SocketProcessorBase.java:49)\r\n	at java.util.concurrent.ThreadPoolExecutor.runWorker(ThreadPoolExecutor.java:1149)\r\n	at java.util.concurrent.ThreadPoolExecutorTWorker.run(ThreadPoolExecutor.java:624)\r\n	at org.apache.tomcat.util.threads.TaskThreadTWrappingRunnable.run(TaskThread.java:61)\r\n	at java.lang.Thread.run(Thread.java:748)\r\n');
INSERT INTO `sys_operation_log` VALUES (1155312196155154434, '业务日志', '分配角色', 1153515729740365826, 'cn.stylefeng.guns.modular.system.controller.UserMgrController', 'setRole', '2019-07-28 11:01:07', '成功', '账号=201606110062,角色名称集合=总经理');
INSERT INTO `sys_operation_log` VALUES (1155314851963281409, '业务日志', '修改角色', 1, 'cn.stylefeng.guns.modular.system.controller.RoleController', 'edit', '2019-07-28 11:11:40', '成功', '角色名称=总经理—>字段名称:备注,旧值:总经理,新值:boss');
INSERT INTO `sys_operation_log` VALUES (1155322682439397378, '业务日志', '配置权限', 1, 'cn.stylefeng.guns.modular.system.controller.RoleController', 'setAuthority', '2019-07-28 11:42:47', '成功', '角色名称=总经理,资源名称=系统管理,用户管理,添加用户,修改用户,删除用户,重置密码,冻结用户,解除冻结用户,分配角色,分配角色跳转,编辑用户跳转,用户列表,角色管理,添加角色,修改角色,删除角色,配置权限,修改角色跳转,角色分配跳转,角色列表,菜单管理,添加菜单,修改菜单,删除菜单,菜单编辑跳转,菜单列表,业务日志,清空日志,日志列表,日志详情,部门管理,添加部门,修改部门,删除部门,修改部门跳转,部门列表,部门详情,登录日志,清空登录日志,登录日志列表,通知管理,添加通知,修改通知,删除通知,康敏地产,城区,城区添加,城区修改,城区删除,楼盘,楼盘添加,楼盘修改,楼盘删除,房源信息,房源信息添加,房源信息修改,房源信息删除');
INSERT INTO `sys_operation_log` VALUES (1155324273485705218, '业务日志', '修改菜单', 1, 'cn.stylefeng.guns.modular.system.controller.MenuController', 'edit', '2019-07-28 11:49:06', '成功', '菜单名称=楼盘信息—>字段名称:菜单名称,旧值:楼盘,新值:楼盘信息');
INSERT INTO `sys_operation_log` VALUES (1155324513525723138, '业务日志', '修改菜单', 1, 'cn.stylefeng.guns.modular.system.controller.MenuController', 'edit', '2019-07-28 11:50:04', '成功', '菜单名称=城区信息—>字段名称:菜单名称,旧值:城区,新值:城区信息');
INSERT INTO `sys_operation_log` VALUES (1155324580387123202, '异常日志', '', 1153515729740365826, NULL, NULL, '2019-07-28 11:50:20', '失败', 'cn.stylefeng.roses.kernel.model.exception.ServiceException: 不能冻结超级管理员\r\n	at cn.stylefeng.guns.modular.system.controller.UserMgrController.freeze(UserMgrController.java:319)\r\n	at cn.stylefeng.guns.modular.system.controller.UserMgrControllerTTFastClassBySpringCGLIBTT7c4c2edf.invoke(<generated>)\r\n	at org.springframework.cglib.proxy.MethodProxy.invoke(MethodProxy.java:218)\r\n	at org.springframework.aop.framework.CglibAopProxyTCglibMethodInvocation.invokeJoinpoint(CglibAopProxy.java:749)\r\n	at org.springframework.aop.framework.ReflectiveMethodInvocation.proceed(ReflectiveMethodInvocation.java:163)\r\n	at org.springframework.aop.aspectj.MethodInvocationProceedingJoinPoint.proceed(MethodInvocationProceedingJoinPoint.java:88)\r\n	at cn.stylefeng.guns.core.interceptor.SessionHolderInterceptor.sessionKit(SessionHolderInterceptor.java:44)\r\n	at sun.reflect.GeneratedMethodAccessor99.invoke(Unknown Source)\r\n	at sun.reflect.DelegatingMethodAccessorImpl.invoke(DelegatingMethodAccessorImpl.java:43)\r\n	at java.lang.reflect.Method.invoke(Method.java:498)\r\n	at org.springframework.aop.aspectj.AbstractAspectJAdvice.invokeAdviceMethodWithGivenArgs(AbstractAspectJAdvice.java:644)\r\n	at org.springframework.aop.aspectj.AbstractAspectJAdvice.invokeAdviceMethod(AbstractAspectJAdvice.java:633)\r\n	at org.springframework.aop.aspectj.AspectJAroundAdvice.invoke(AspectJAroundAdvice.java:70)\r\n	at org.springframework.aop.framework.ReflectiveMethodInvocation.proceed(ReflectiveMethodInvocation.java:186)\r\n	at org.springframework.aop.aspectj.MethodInvocationProceedingJoinPoint.proceed(MethodInvocationProceedingJoinPoint.java:88)\r\n	at cn.stylefeng.guns.core.aop.LogAop.recordSysLog(LogAop.java:60)\r\n	at sun.reflect.NativeMethodAccessorImpl.invoke0(Native Method)\r\n	at sun.reflect.NativeMethodAccessorImpl.invoke(NativeMethodAccessorImpl.java:62)\r\n	at sun.reflect.DelegatingMethodAccessorImpl.invoke(DelegatingMethodAccessorImpl.java:43)\r\n	at java.lang.reflect.Method.invoke(Method.java:498)\r\n	at org.springframework.aop.aspectj.AbstractAspectJAdvice.invokeAdviceMethodWithGivenArgs(AbstractAspectJAdvice.java:644)\r\n	at org.springframework.aop.aspectj.AbstractAspectJAdvice.invokeAdviceMethod(AbstractAspectJAdvice.java:633)\r\n	at org.springframework.aop.aspectj.AspectJAroundAdvice.invoke(AspectJAroundAdvice.java:70)\r\n	at org.springframework.aop.framework.ReflectiveMethodInvocation.proceed(ReflectiveMethodInvocation.java:175)\r\n	at org.springframework.aop.aspectj.MethodInvocationProceedingJoinPoint.proceed(MethodInvocationProceedingJoinPoint.java:88)\r\n	at cn.stylefeng.guns.core.aop.PermissionAop.doPermission(PermissionAop.java:72)\r\n	at sun.reflect.GeneratedMethodAccessor233.invoke(Unknown Source)\r\n	at sun.reflect.DelegatingMethodAccessorImpl.invoke(DelegatingMethodAccessorImpl.java:43)\r\n	at java.lang.reflect.Method.invoke(Method.java:498)\r\n	at org.springframework.aop.aspectj.AbstractAspectJAdvice.invokeAdviceMethodWithGivenArgs(AbstractAspectJAdvice.java:644)\r\n	at org.springframework.aop.aspectj.AbstractAspectJAdvice.invokeAdviceMethod(AbstractAspectJAdvice.java:633)\r\n	at org.springframework.aop.aspectj.AspectJAroundAdvice.invoke(AspectJAroundAdvice.java:70)\r\n	at org.springframework.aop.framework.ReflectiveMethodInvocation.proceed(ReflectiveMethodInvocation.java:175)\r\n	at org.springframework.aop.interceptor.ExposeInvocationInterceptor.invoke(ExposeInvocationInterceptor.java:93)\r\n	at org.springframework.aop.framework.ReflectiveMethodInvocation.proceed(ReflectiveMethodInvocation.java:186)\r\n	at org.springframework.aop.framework.CglibAopProxyTDynamicAdvisedInterceptor.intercept(CglibAopProxy.java:688)\r\n	at cn.stylefeng.guns.modular.system.controller.UserMgrControllerTTEnhancerBySpringCGLIBTT523a4221.freeze(<generated>)\r\n	at sun.reflect.NativeMethodAccessorImpl.invoke0(Native Method)\r\n	at sun.reflect.NativeMethodAccessorImpl.invoke(NativeMethodAccessorImpl.java:62)\r\n	at sun.reflect.DelegatingMethodAccessorImpl.invoke(DelegatingMethodAccessorImpl.java:43)\r\n	at java.lang.reflect.Method.invoke(Method.java:498)\r\n	at org.springframework.web.method.support.InvocableHandlerMethod.doInvoke(InvocableHandlerMethod.java:189)\r\n	at org.springframework.web.method.support.InvocableHandlerMethod.invokeForRequest(InvocableHandlerMethod.java:138)\r\n	at org.springframework.web.servlet.mvc.method.annotation.ServletInvocableHandlerMethod.invokeAndHandle(ServletInvocableHandlerMethod.java:102)\r\n	at org.springframework.web.servlet.mvc.method.annotation.RequestMappingHandlerAdapter.invokeHandlerMethod(RequestMappingHandlerAdapter.java:895)\r\n	at org.springframework.web.servlet.mvc.method.annotation.RequestMappingHandlerAdapter.handleInternal(RequestMappingHandlerAdapter.java:800)\r\n	at org.springframework.web.servlet.mvc.method.AbstractHandlerMethodAdapter.handle(AbstractHandlerMethodAdapter.java:87)\r\n	at org.springframework.web.servlet.DispatcherServlet.doDispatch(DispatcherServlet.java:1038)\r\n	at org.springframework.web.servlet.DispatcherServlet.doService(DispatcherServlet.java:942)\r\n	at org.springframework.web.servlet.FrameworkServlet.processRequest(FrameworkServlet.java:1005)\r\n	at org.springframework.web.servlet.FrameworkServlet.doPost(FrameworkServlet.java:908)\r\n	at javax.servlet.http.HttpServlet.service(HttpServlet.java:660)\r\n	at org.springframework.web.servlet.FrameworkServlet.service(FrameworkServlet.java:882)\r\n	at javax.servlet.http.HttpServlet.service(HttpServlet.java:741)\r\n	at org.apache.catalina.core.ApplicationFilterChain.internalDoFilter(ApplicationFilterChain.java:231)\r\n	at org.apache.catalina.core.ApplicationFilterChain.doFilter(ApplicationFilterChain.java:166)\r\n	at org.apache.tomcat.websocket.server.WsFilter.doFilter(WsFilter.java:53)\r\n	at org.apache.catalina.core.ApplicationFilterChain.internalDoFilter(ApplicationFilterChain.java:193)\r\n	at org.apache.catalina.core.ApplicationFilterChain.doFilter(ApplicationFilterChain.java:166)\r\n	at org.apache.shiro.web.servlet.ProxiedFilterChain.doFilter(ProxiedFilterChain.java:61)\r\n	at org.apache.shiro.web.servlet.AdviceFilter.executeChain(AdviceFilter.java:108)\r\n	at org.apache.shiro.web.servlet.AdviceFilter.doFilterInternal(AdviceFilter.java:137)\r\n	at org.apache.shiro.web.servlet.OncePerRequestFilter.doFilter(OncePerRequestFilter.java:125)\r\n	at org.apache.shiro.web.servlet.ProxiedFilterChain.doFilter(ProxiedFilterChain.java:66)\r\n	at org.apache.shiro.web.servlet.AbstractShiroFilter.executeChain(AbstractShiroFilter.java:449)\r\n	at org.apache.shiro.web.servlet.AbstractShiroFilterT1.call(AbstractShiroFilter.java:365)\r\n	at org.apache.shiro.subject.support.SubjectCallable.doCall(SubjectCallable.java:90)\r\n	at org.apache.shiro.subject.support.SubjectCallable.call(SubjectCallable.java:83)\r\n	at org.apache.shiro.subject.support.DelegatingSubject.execute(DelegatingSubject.java:387)\r\n	at org.apache.shiro.web.servlet.AbstractShiroFilter.doFilterInternal(AbstractShiroFilter.java:362)\r\n	at org.apache.shiro.web.servlet.OncePerRequestFilter.doFilter(OncePerRequestFilter.java:125)\r\n	at org.apache.catalina.core.ApplicationFilterChain.internalDoFilter(ApplicationFilterChain.java:193)\r\n	at org.apache.catalina.core.ApplicationFilterChain.doFilter(ApplicationFilterChain.java:166)\r\n	at cn.stylefeng.roses.core.xss.XssFilter.doFilter(XssFilter.java:31)\r\n	at org.apache.catalina.core.ApplicationFilterChain.internalDoFilter(ApplicationFilterChain.java:193)\r\n	at org.apache.catalina.core.ApplicationFilterChain.doFilter(ApplicationFilterChain.java:166)\r\n	at com.alibaba.druid.support.http.WebStatFilter.doFilter(WebStatFilter.java:123)\r\n	at org.apache.catalina.core.ApplicationFilterChain.internalDoFilter(ApplicationFilterChain.java:193)\r\n	at org.apache.catalina.core.ApplicationFilterChain.doFilter(ApplicationFilterChain.java:166)\r\n	at org.springframework.web.filter.RequestContextFilter.doFilterInternal(RequestContextFilter.java:99)\r\n	at org.springframework.web.filter.OncePerRequestFilter.doFilter(OncePerRequestFilter.java:107)\r\n	at org.apache.catalina.core.ApplicationFilterChain.internalDoFilter(ApplicationFilterChain.java:193)\r\n	at org.apache.catalina.core.ApplicationFilterChain.doFilter(ApplicationFilterChain.java:166)\r\n	at org.springframework.web.filter.FormContentFilter.doFilterInternal(FormContentFilter.java:92)\r\n	at org.springframework.web.filter.OncePerRequestFilter.doFilter(OncePerRequestFilter.java:107)\r\n	at org.apache.catalina.core.ApplicationFilterChain.internalDoFilter(ApplicationFilterChain.java:193)\r\n	at org.apache.catalina.core.ApplicationFilterChain.doFilter(ApplicationFilterChain.java:166)\r\n	at org.springframework.web.filter.HiddenHttpMethodFilter.doFilterInternal(HiddenHttpMethodFilter.java:93)\r\n	at org.springframework.web.filter.OncePerRequestFilter.doFilter(OncePerRequestFilter.java:107)\r\n	at org.apache.catalina.core.ApplicationFilterChain.internalDoFilter(ApplicationFilterChain.java:193)\r\n	at org.apache.catalina.core.ApplicationFilterChain.doFilter(ApplicationFilterChain.java:166)\r\n	at org.springframework.web.filter.CharacterEncodingFilter.doFilterInternal(CharacterEncodingFilter.java:200)\r\n	at org.springframework.web.filter.OncePerRequestFilter.doFilter(OncePerRequestFilter.java:107)\r\n	at org.apache.catalina.core.ApplicationFilterChain.internalDoFilter(ApplicationFilterChain.java:193)\r\n	at org.apache.catalina.core.ApplicationFilterChain.doFilter(ApplicationFilterChain.java:166)\r\n	at org.apache.catalina.core.StandardWrapperValve.invoke(StandardWrapperValve.java:199)\r\n	at org.apache.catalina.core.StandardContextValve.invoke(StandardContextValve.java:96)\r\n	at org.apache.catalina.authenticator.AuthenticatorBase.invoke(AuthenticatorBase.java:490)\r\n	at org.apache.catalina.core.StandardHostValve.invoke(StandardHostValve.java:139)\r\n	at org.apache.catalina.valves.ErrorReportValve.invoke(ErrorReportValve.java:92)\r\n	at org.apache.catalina.core.StandardEngineValve.invoke(StandardEngineValve.java:74)\r\n	at org.apache.catalina.connector.CoyoteAdapter.service(CoyoteAdapter.java:343)\r\n	at org.apache.coyote.http11.Http11Processor.service(Http11Processor.java:408)\r\n	at org.apache.coyote.AbstractProcessorLight.process(AbstractProcessorLight.java:66)\r\n	at org.apache.coyote.AbstractProtocolTConnectionHandler.process(AbstractProtocol.java:791)\r\n	at org.apache.tomcat.util.net.NioEndpointTSocketProcessor.doRun(NioEndpoint.java:1417)\r\n	at org.apache.tomcat.util.net.SocketProcessorBase.run(SocketProcessorBase.java:49)\r\n	at java.util.concurrent.ThreadPoolExecutor.runWorker(ThreadPoolExecutor.java:1149)\r\n	at java.util.concurrent.ThreadPoolExecutorTWorker.run(ThreadPoolExecutor.java:624)\r\n	at org.apache.tomcat.util.threads.TaskThreadTWrappingRunnable.run(TaskThread.java:61)\r\n	at java.lang.Thread.run(Thread.java:748)\r\n');
INSERT INTO `sys_operation_log` VALUES (1155324585168629762, '业务日志', '冻结用户', 1153515729740365826, 'cn.stylefeng.guns.modular.system.controller.UserMgrController', 'freeze', '2019-07-28 11:50:21', '成功', '账号=201606110062');
INSERT INTO `sys_operation_log` VALUES (1155324588666679297, '业务日志', '解除冻结用户', 1153515729740365826, 'cn.stylefeng.guns.modular.system.controller.UserMgrController', 'unfreeze', '2019-07-28 11:50:21', '成功', '账号=201606110062');
INSERT INTO `sys_operation_log` VALUES (1155325183289057281, '业务日志', '配置权限', 1153515729740365826, 'cn.stylefeng.guns.modular.system.controller.RoleController', 'setAuthority', '2019-07-28 11:52:43', '成功', '角色名称=员工,资源名称=康敏地产,城区信息,城区添加,城区修改,城区删除,楼盘信息,楼盘添加,楼盘修改,楼盘删除,房源信息,房源信息添加,房源信息修改,房源信息删除');
INSERT INTO `sys_operation_log` VALUES (1155325659162083330, '业务日志', '修改角色', 1153515729740365826, 'cn.stylefeng.guns.modular.system.controller.RoleController', 'edit', '2019-07-28 11:54:37', '成功', '角色名称=员工—>字段名称:角色的父级,旧值:总经理,新值:--');
INSERT INTO `sys_operation_log` VALUES (1155325979091009538, '业务日志', '添加管理员', 1, 'cn.stylefeng.guns.modular.system.controller.UserMgrController', 'add', '2019-07-28 11:55:53', '成功', '账号=201606110079');
INSERT INTO `sys_operation_log` VALUES (1155326006706307073, '业务日志', '分配角色', 1, 'cn.stylefeng.guns.modular.system.controller.UserMgrController', 'setRole', '2019-07-28 11:56:00', '成功', '账号=201606110079,角色名称集合=员工');

-- ----------------------------
-- Table structure for sys_relation
-- ----------------------------
DROP TABLE IF EXISTS `sys_relation`;
CREATE TABLE `sys_relation`  (
  `relation_id` bigint(20) NOT NULL COMMENT '主键',
  `menu_id` bigint(20) DEFAULT NULL COMMENT '菜单id',
  `role_id` bigint(20) DEFAULT NULL COMMENT '角色id',
  PRIMARY KEY (`relation_id`) USING BTREE
) ENGINE = InnoDB CHARACTER SET = utf8 COLLATE = utf8_bin COMMENT = '角色和菜单关联表' ROW_FORMAT = Dynamic;

-- ----------------------------
-- Records of sys_relation
-- ----------------------------
INSERT INTO `sys_relation` VALUES (1153518853775511554, 105, 1);
INSERT INTO `sys_relation` VALUES (1153518853783900161, 106, 1);
INSERT INTO `sys_relation` VALUES (1153518853792288769, 107, 1);
INSERT INTO `sys_relation` VALUES (1153518853800677378, 108, 1);
INSERT INTO `sys_relation` VALUES (1153518853800677379, 109, 1);
INSERT INTO `sys_relation` VALUES (1153518853809065985, 110, 1);
INSERT INTO `sys_relation` VALUES (1153518853817454594, 111, 1);
INSERT INTO `sys_relation` VALUES (1153518853825843202, 112, 1);
INSERT INTO `sys_relation` VALUES (1153518853834231809, 113, 1);
INSERT INTO `sys_relation` VALUES (1153518853834231810, 165, 1);
INSERT INTO `sys_relation` VALUES (1153518853842620418, 166, 1);
INSERT INTO `sys_relation` VALUES (1153518853851009026, 167, 1);
INSERT INTO `sys_relation` VALUES (1153518853855203330, 114, 1);
INSERT INTO `sys_relation` VALUES (1153518853863591938, 115, 1);
INSERT INTO `sys_relation` VALUES (1153518853871980545, 116, 1);
INSERT INTO `sys_relation` VALUES (1153518853871980546, 117, 1);
INSERT INTO `sys_relation` VALUES (1153518853871980547, 118, 1);
INSERT INTO `sys_relation` VALUES (1153518853871980548, 162, 1);
INSERT INTO `sys_relation` VALUES (1153518853871980549, 163, 1);
INSERT INTO `sys_relation` VALUES (1153518853901340673, 164, 1);
INSERT INTO `sys_relation` VALUES (1153518853901340674, 119, 1);
INSERT INTO `sys_relation` VALUES (1153518853918117889, 120, 1);
INSERT INTO `sys_relation` VALUES (1153518853918117890, 121, 1);
INSERT INTO `sys_relation` VALUES (1153518853926506497, 122, 1);
INSERT INTO `sys_relation` VALUES (1153518853934895106, 150, 1);
INSERT INTO `sys_relation` VALUES (1153518853934895107, 151, 1);
INSERT INTO `sys_relation` VALUES (1153518853943283713, 128, 1);
INSERT INTO `sys_relation` VALUES (1153518853951672322, 134, 1);
INSERT INTO `sys_relation` VALUES (1153518853955866626, 158, 1);
INSERT INTO `sys_relation` VALUES (1153518853964255234, 159, 1);
INSERT INTO `sys_relation` VALUES (1153518853972643842, 130, 1);
INSERT INTO `sys_relation` VALUES (1153518853972643843, 131, 1);
INSERT INTO `sys_relation` VALUES (1153518853976838146, 135, 1);
INSERT INTO `sys_relation` VALUES (1153518853989421058, 136, 1);
INSERT INTO `sys_relation` VALUES (1153518853993615361, 137, 1);
INSERT INTO `sys_relation` VALUES (1153518854002003969, 152, 1);
INSERT INTO `sys_relation` VALUES (1153518854002003970, 153, 1);
INSERT INTO `sys_relation` VALUES (1153518854010392577, 154, 1);
INSERT INTO `sys_relation` VALUES (1153518854018781186, 132, 1);
INSERT INTO `sys_relation` VALUES (1153518854018781187, 138, 1);
INSERT INTO `sys_relation` VALUES (1153518854018781188, 139, 1);
INSERT INTO `sys_relation` VALUES (1153518854018781189, 140, 1);
INSERT INTO `sys_relation` VALUES (1153518854018781190, 155, 1);
INSERT INTO `sys_relation` VALUES (1153518854018781191, 156, 1);
INSERT INTO `sys_relation` VALUES (1153518854018781192, 157, 1);
INSERT INTO `sys_relation` VALUES (1153518854018781193, 133, 1);
INSERT INTO `sys_relation` VALUES (1153518854018781194, 160, 1);
INSERT INTO `sys_relation` VALUES (1153518854018781195, 161, 1);
INSERT INTO `sys_relation` VALUES (1153518854018781196, 141, 1);
INSERT INTO `sys_relation` VALUES (1153518854069112834, 142, 1);
INSERT INTO `sys_relation` VALUES (1153518854069112835, 143, 1);
INSERT INTO `sys_relation` VALUES (1153518854081695745, 144, 1);
INSERT INTO `sys_relation` VALUES (1153518854081695746, 171, 1);
INSERT INTO `sys_relation` VALUES (1153518854081695747, 149, 1);
INSERT INTO `sys_relation` VALUES (1153518854081695748, 172, 1);
INSERT INTO `sys_relation` VALUES (1153518854081695749, 145, 1);
INSERT INTO `sys_relation` VALUES (1153518854106861570, 1111545968697860098, 1);
INSERT INTO `sys_relation` VALUES (1153518854115250177, 1111546189892870145, 1);
INSERT INTO `sys_relation` VALUES (1153518854115250178, 1110777136265838594, 1);
INSERT INTO `sys_relation` VALUES (1153518854115250179, 1110777366856089602, 1);
INSERT INTO `sys_relation` VALUES (1153518854115250180, 1110777491464667137, 1);
INSERT INTO `sys_relation` VALUES (1153518854115250181, 1110787391943098370, 1);
INSERT INTO `sys_relation` VALUES (1153518854115250182, 1110839216310329346, 1);
INSERT INTO `sys_relation` VALUES (1153518854115250183, 1153518340484976642, 1);
INSERT INTO `sys_relation` VALUES (1153518854115250184, 1149190344059990018, 1);
INSERT INTO `sys_relation` VALUES (1153518854115250185, 1149190344059990019, 1);
INSERT INTO `sys_relation` VALUES (1153518854115250186, 1149190344059990020, 1);
INSERT INTO `sys_relation` VALUES (1153518854115250187, 1149190344059990021, 1);
INSERT INTO `sys_relation` VALUES (1153518854169776129, 1149311187326967809, 1);
INSERT INTO `sys_relation` VALUES (1153518854169776130, 1149311187326967810, 1);
INSERT INTO `sys_relation` VALUES (1153518854169776131, 1149311187326967811, 1);
INSERT INTO `sys_relation` VALUES (1153518854169776132, 1149311187326967812, 1);
INSERT INTO `sys_relation` VALUES (1153518854169776133, 1149324147281731586, 1);
INSERT INTO `sys_relation` VALUES (1153518854169776134, 1149324147281731587, 1);
INSERT INTO `sys_relation` VALUES (1153518854169776135, 1149324147281731588, 1);
INSERT INTO `sys_relation` VALUES (1153518854169776136, 1149324147281731589, 1);
INSERT INTO `sys_relation` VALUES (1153518854169776137, 1149324147382394881, 1);
INSERT INTO `sys_relation` VALUES (1153518854169776138, 1149324147382394882, 1);
INSERT INTO `sys_relation` VALUES (1153518854169776139, 1149324147382394883, 1);
INSERT INTO `sys_relation` VALUES (1153518854169776140, 1149324147382394884, 1);
INSERT INTO `sys_relation` VALUES (1153518854169776141, 1149324147449503746, 1);
INSERT INTO `sys_relation` VALUES (1153518854169776142, 1149324147449503747, 1);
INSERT INTO `sys_relation` VALUES (1153518854169776143, 1149324147449503748, 1);
INSERT INTO `sys_relation` VALUES (1153518854169776144, 1149324147449503749, 1);
INSERT INTO `sys_relation` VALUES (1153518854169776145, 1149324147562749954, 1);
INSERT INTO `sys_relation` VALUES (1153518854169776146, 1149324147562749955, 1);
INSERT INTO `sys_relation` VALUES (1153518854169776147, 1149324147562749956, 1);
INSERT INTO `sys_relation` VALUES (1153518854270439425, 1149324147562749957, 1);
INSERT INTO `sys_relation` VALUES (1155322681160134657, 105, 1153514705621352449);
INSERT INTO `sys_relation` VALUES (1155322681231437826, 106, 1153514705621352449);
INSERT INTO `sys_relation` VALUES (1155322681231437827, 107, 1153514705621352449);
INSERT INTO `sys_relation` VALUES (1155322681244020738, 108, 1153514705621352449);
INSERT INTO `sys_relation` VALUES (1155322681244020739, 109, 1153514705621352449);
INSERT INTO `sys_relation` VALUES (1155322681260797954, 110, 1153514705621352449);
INSERT INTO `sys_relation` VALUES (1155322681269186562, 111, 1153514705621352449);
INSERT INTO `sys_relation` VALUES (1155322681269186563, 112, 1153514705621352449);
INSERT INTO `sys_relation` VALUES (1155322681277575170, 113, 1153514705621352449);
INSERT INTO `sys_relation` VALUES (1155322681277575171, 165, 1153514705621352449);
INSERT INTO `sys_relation` VALUES (1155322681298546690, 166, 1153514705621352449);
INSERT INTO `sys_relation` VALUES (1155322681298546691, 167, 1153514705621352449);
INSERT INTO `sys_relation` VALUES (1155322681306935298, 114, 1153514705621352449);
INSERT INTO `sys_relation` VALUES (1155322681315323905, 115, 1153514705621352449);
INSERT INTO `sys_relation` VALUES (1155322681323712513, 116, 1153514705621352449);
INSERT INTO `sys_relation` VALUES (1155322681332101122, 117, 1153514705621352449);
INSERT INTO `sys_relation` VALUES (1155322681340489730, 118, 1153514705621352449);
INSERT INTO `sys_relation` VALUES (1155322681348878337, 162, 1153514705621352449);
INSERT INTO `sys_relation` VALUES (1155322681357266945, 163, 1153514705621352449);
INSERT INTO `sys_relation` VALUES (1155322681357266946, 164, 1153514705621352449);
INSERT INTO `sys_relation` VALUES (1155322681365655553, 119, 1153514705621352449);
INSERT INTO `sys_relation` VALUES (1155322681374044162, 120, 1153514705621352449);
INSERT INTO `sys_relation` VALUES (1155322681378238465, 121, 1153514705621352449);
INSERT INTO `sys_relation` VALUES (1155322681390821378, 122, 1153514705621352449);
INSERT INTO `sys_relation` VALUES (1155322681390821379, 150, 1153514705621352449);
INSERT INTO `sys_relation` VALUES (1155322681399209986, 151, 1153514705621352449);
INSERT INTO `sys_relation` VALUES (1155322681407598594, 128, 1153514705621352449);
INSERT INTO `sys_relation` VALUES (1155322681407598595, 134, 1153514705621352449);
INSERT INTO `sys_relation` VALUES (1155322681407598596, 158, 1153514705621352449);
INSERT INTO `sys_relation` VALUES (1155322681424375809, 159, 1153514705621352449);
INSERT INTO `sys_relation` VALUES (1155322681424375810, 131, 1153514705621352449);
INSERT INTO `sys_relation` VALUES (1155322681424375811, 135, 1153514705621352449);
INSERT INTO `sys_relation` VALUES (1155322681424375812, 136, 1153514705621352449);
INSERT INTO `sys_relation` VALUES (1155322681424375813, 137, 1153514705621352449);
INSERT INTO `sys_relation` VALUES (1155322681424375814, 152, 1153514705621352449);
INSERT INTO `sys_relation` VALUES (1155322681424375815, 153, 1153514705621352449);
INSERT INTO `sys_relation` VALUES (1155322681424375816, 154, 1153514705621352449);
INSERT INTO `sys_relation` VALUES (1155322681424375817, 133, 1153514705621352449);
INSERT INTO `sys_relation` VALUES (1155322681424375818, 160, 1153514705621352449);
INSERT INTO `sys_relation` VALUES (1155322681487290369, 161, 1153514705621352449);
INSERT INTO `sys_relation` VALUES (1155322681487290370, 141, 1153514705621352449);
INSERT INTO `sys_relation` VALUES (1155322681487290371, 142, 1153514705621352449);
INSERT INTO `sys_relation` VALUES (1155322681504067585, 143, 1153514705621352449);
INSERT INTO `sys_relation` VALUES (1155322681504067586, 144, 1153514705621352449);
INSERT INTO `sys_relation` VALUES (1155322681504067587, 1153518340484976642, 1153514705621352449);
INSERT INTO `sys_relation` VALUES (1155322681504067588, 1149190344059990018, 1153514705621352449);
INSERT INTO `sys_relation` VALUES (1155322681525039106, 1149190344059990019, 1153514705621352449);
INSERT INTO `sys_relation` VALUES (1155322681525039107, 1149190344059990020, 1153514705621352449);
INSERT INTO `sys_relation` VALUES (1155322681533427713, 1149190344059990021, 1153514705621352449);
INSERT INTO `sys_relation` VALUES (1155322681541816322, 1149324147281731586, 1153514705621352449);
INSERT INTO `sys_relation` VALUES (1155322681541816323, 1149324147281731587, 1153514705621352449);
INSERT INTO `sys_relation` VALUES (1155322681541816324, 1149324147281731588, 1153514705621352449);
INSERT INTO `sys_relation` VALUES (1155322681541816325, 1149324147281731589, 1153514705621352449);
INSERT INTO `sys_relation` VALUES (1155322681541816326, 1149324147382394881, 1153514705621352449);
INSERT INTO `sys_relation` VALUES (1155322681541816327, 1149324147382394882, 1153514705621352449);
INSERT INTO `sys_relation` VALUES (1155322681541816328, 1149324147382394883, 1153514705621352449);
INSERT INTO `sys_relation` VALUES (1155322681541816329, 1149324147382394884, 1153514705621352449);
INSERT INTO `sys_relation` VALUES (1155325182580219906, 1153518340484976642, 1153514828988416001);
INSERT INTO `sys_relation` VALUES (1155325182588608514, 1149190344059990018, 1153514828988416001);
INSERT INTO `sys_relation` VALUES (1155325182596997122, 1149190344059990019, 1153514828988416001);
INSERT INTO `sys_relation` VALUES (1155325182596997123, 1149190344059990020, 1153514828988416001);
INSERT INTO `sys_relation` VALUES (1155325182605385730, 1149190344059990021, 1153514828988416001);
INSERT INTO `sys_relation` VALUES (1155325182613774337, 1149324147281731586, 1153514828988416001);
INSERT INTO `sys_relation` VALUES (1155325182626357250, 1149324147281731587, 1153514828988416001);
INSERT INTO `sys_relation` VALUES (1155325182634745857, 1149324147281731588, 1153514828988416001);
INSERT INTO `sys_relation` VALUES (1155325182643134466, 1149324147281731589, 1153514828988416001);
INSERT INTO `sys_relation` VALUES (1155325182651523074, 1149324147382394881, 1153514828988416001);
INSERT INTO `sys_relation` VALUES (1155325182651523075, 1149324147382394882, 1153514828988416001);
INSERT INTO `sys_relation` VALUES (1155325182659911682, 1149324147382394883, 1153514828988416001);
INSERT INTO `sys_relation` VALUES (1155325182668300290, 1149324147382394884, 1153514828988416001);

-- ----------------------------
-- Table structure for sys_role
-- ----------------------------
DROP TABLE IF EXISTS `sys_role`;
CREATE TABLE `sys_role`  (
  `role_id` bigint(20) NOT NULL COMMENT '主键id',
  `pid` bigint(20) DEFAULT NULL COMMENT '父角色id',
  `name` varchar(255) CHARACTER SET utf8 COLLATE utf8_bin DEFAULT NULL COMMENT '角色名称',
  `description` varchar(255) CHARACTER SET utf8 COLLATE utf8_bin DEFAULT NULL COMMENT '提示',
  `sort` int(11) DEFAULT NULL COMMENT '序号',
  `version` int(11) DEFAULT NULL COMMENT '乐观锁',
  `create_time` datetime(0) DEFAULT NULL COMMENT '创建时间',
  `update_time` datetime(0) DEFAULT NULL COMMENT '修改时间',
  `create_user` bigint(20) DEFAULT NULL COMMENT '创建用户',
  `update_user` bigint(20) DEFAULT NULL COMMENT '修改用户',
  PRIMARY KEY (`role_id`) USING BTREE
) ENGINE = InnoDB CHARACTER SET = utf8 COLLATE = utf8_bin COMMENT = '角色表' ROW_FORMAT = Dynamic;

-- ----------------------------
-- Records of sys_role
-- ----------------------------
INSERT INTO `sys_role` VALUES (1, 0, '超级管理员', 'administrator', 1, 1, NULL, NULL, NULL, NULL);
INSERT INTO `sys_role` VALUES (1153514705621352449, 0, '总经理', 'boss', 1, NULL, '2019-07-23 11:58:32', '2019-07-28 11:11:40', 1, 1);
INSERT INTO `sys_role` VALUES (1153514828988416001, 0, '员工', '员工', 2, NULL, '2019-07-23 11:59:01', '2019-07-28 11:54:37', 1, 1153515729740365826);

-- ----------------------------
-- Table structure for sys_user
-- ----------------------------
DROP TABLE IF EXISTS `sys_user`;
CREATE TABLE `sys_user`  (
  `user_id` bigint(20) NOT NULL COMMENT '主键id',
  `avatar` varchar(255) CHARACTER SET utf8 COLLATE utf8_bin DEFAULT NULL COMMENT '头像',
  `account` varchar(45) CHARACTER SET utf8 COLLATE utf8_bin DEFAULT NULL COMMENT '账号',
  `password` varchar(45) CHARACTER SET utf8 COLLATE utf8_bin DEFAULT NULL COMMENT '密码',
  `salt` varchar(45) CHARACTER SET utf8 COLLATE utf8_bin DEFAULT NULL COMMENT 'md5密码盐',
  `name` varchar(45) CHARACTER SET utf8 COLLATE utf8_bin DEFAULT NULL COMMENT '名字',
  `birthday` datetime(0) DEFAULT NULL COMMENT '生日',
  `sex` varchar(32) CHARACTER SET utf8 COLLATE utf8_bin DEFAULT NULL COMMENT '性别(字典)',
  `email` varchar(45) CHARACTER SET utf8 COLLATE utf8_bin DEFAULT NULL COMMENT '电子邮件',
  `phone` varchar(45) CHARACTER SET utf8 COLLATE utf8_bin DEFAULT NULL COMMENT '电话',
  `role_id` varchar(255) CHARACTER SET utf8 COLLATE utf8_bin DEFAULT NULL COMMENT '角色id(多个逗号隔开)',
  `dept_id` bigint(20) DEFAULT NULL COMMENT '部门id(多个逗号隔开)',
  `status` varchar(32) CHARACTER SET utf8 COLLATE utf8_bin DEFAULT NULL COMMENT '状态(字典)',
  `create_time` datetime(0) DEFAULT NULL COMMENT '创建时间',
  `create_user` bigint(20) DEFAULT NULL COMMENT '创建人',
  `update_time` datetime(0) DEFAULT NULL COMMENT '更新时间',
  `update_user` bigint(20) DEFAULT NULL COMMENT '更新人',
  `version` int(11) DEFAULT NULL COMMENT '乐观锁',
  PRIMARY KEY (`user_id`) USING BTREE
) ENGINE = InnoDB CHARACTER SET = utf8 COLLATE = utf8_bin COMMENT = '管理员表' ROW_FORMAT = Dynamic;

-- ----------------------------
-- Records of sys_user
-- ----------------------------
INSERT INTO `sys_user` VALUES (1, '1', 'admin', '1d6b1208c7d151d335790276a18e3d99', 'q6taw', '李利光', '2018-11-16 00:00:00', 'M', '903857227@qq.com', '18200000000', '1', 1151369744947924994, 'ENABLE', '2016-01-29 08:49:53', NULL, '2019-07-27 23:25:59', 24, 25);
INSERT INTO `sys_user` VALUES (1153515729740365826, NULL, '201606110062', '9e4a5bbb64e413a3cb09b4dd5aa4117f', 'qpvpp', '李利光', '2019-07-23 00:00:00', 'M', '903857227@qq.com', '13711919653', '1153514705621352449', 1151369744947924994, 'ENABLE', '2019-07-23 12:02:36', 1, NULL, NULL, NULL);
INSERT INTO `sys_user` VALUES (1155258720477884417, NULL, 'test', '158714cf6ab9ec245f8d7b7362f1d478', 'd7btk', '1', '2019-07-17 00:00:00', 'M', '903857227@qq.com', '13711919653', '1', 1151369744947924994, 'DELETED', '2019-07-28 07:28:37', 1, NULL, NULL, NULL);
INSERT INTO `sys_user` VALUES (1155325978646413313, NULL, '201606110079', '5732187951633bad1c5bd79ee9052e52', 'b9pgx', '李志成', '2019-07-28 00:00:00', 'M', '903857227@qq.com', '13711919653', '1153514828988416001', 1151369744947924994, 'ENABLE', '2019-07-28 11:55:53', 1, NULL, NULL, NULL);

SET FOREIGN_KEY_CHECKS = 1;
